Rk,Pos,Name,Age,G,PA,AB,R,H,2B,3B,HR,RBI,SB,CS,BB,SO,BA,OBP,SLG,OPS,OPS+,TB,GDP,HBP,SH,SF,IBB
1,C,Travis d'Arnaud,31,44,184,165,19,53,8,0,9,34,1,0,16,50,.321,.386,.533,.919,138,88,8,2,0,1,0
2,1B,Freddie Freeman,30,60,262,214,51,73,23,1,13,53,2,0,45,37,.341,.462,.640,1.102,186,137,6,3,0,0,7
3,2B,Ozzie Albies,23,29,124,118,21,32,5,0,6,19,3,1,5,30,.271,.306,.466,.773,99,55,0,1,0,0,0
4,SS,Dansby Swanson,26,60,264,237,49,65,15,0,10,35,5,0,22,71,.274,.345,.464,.809,110,110,0,4,0,1,0
5,3B,Austin Riley,23,51,206,188,24,45,7,1,8,27,0,0,16,49,.239,.301,.415,.716,86,78,5,1,0,1,1
6,LF,Adam Duvall,31,57,209,190,34,45,8,0,16,33,0,0,15,54,.237,.301,.532,.833,113,101,2,3,0,1,0
7,CF,Ender Inciarte,29,46,131,116,17,22,2,1,1,10,4,1,12,25,.190,.262,.250,.512,36,29,0,0,1,2,0
8,RF,Nick Markakis,36,37,141,130,15,33,15,0,1,15,0,1,10,23,.254,.312,.392,.704,84,51,5,1,0,0,0
9,DH,Marcell Ozuna,29,60,267,228,38,77,14,0,18,56,0,0,38,60,.338,.431,.636,1.067,175,145,3,0,0,1,3
10,OF,Ronald Acuna Jr.,22,46,202,160,46,40,11,0,14,29,8,1,38,60,.250,.406,.581,.987,155,93,3,4,0,0,2
11,IF,Johan Camargo,26,35,127,120,16,24,8,0,4,9,0,0,6,35,.200,.244,.367,.611,58,44,1,1,0,0,0
12,C,Tyler Flowers,34,22,80,69,5,15,6,0,1,5,0,0,8,34,.217,.325,.348,.673,77,24,1,3,0,0,0
13,IF,Adeiny Hechavarria,31,27,63,59,7,15,3,0,0,2,0,0,4,12,.254,.302,.305,.607,61,18,1,0,0,0,0
14,DH,Matt Adams,31,16,51,49,4,9,2,0,2,9,0,0,2,18,.184,.216,.347,.563,44,17,3,0,0,0,0
15,C,William Contreras,22,4,10,10,0,4,1,0,0,1,0,0,0,4,.400,.400,.500,.900,135,5,0,0,0,0,0
16,C,Alex Jackson,24,5,7,7,0,2,1,0,0,0,0,0,0,4,.286,.286,.429,.714,84,3,1,0,0,0,0
17,IF,Charlie Culberson,31,9,7,7,2,1,1,0,0,1,0,0,0,4,.143,.143,.286,.429,9,2,0,0,0,0,0
18,LF,Cristian Pache,21,2,4,4,0,1,0,0,0,0,0,0,0,2,.250,.250,.250,.500,32,1,0,0,0,0,0
19,3B,Pablo Sandoval,33,1,4,2,0,0,0,0,0,0,0,0,2,1,.000,.500,.000,.500,50,0,0,0,0,0,0
20,RF,Scott Schebler,29,1,1,1,0,0,0,0,0,0,0,0,0,0,.000,.000,.000,.000,-100,0,0,0,0,0,0
21,P,Patrick Weigel,25,0,0,,,,,,,,,,,,,,,,,,,,,,
22,P,Tucker Davidson,24,0,0,,,,,,,,,,,,,,,,,,,,,,
23,P,Mike Soroka,22,0,0,,,,,,,,,,,,,,,,,,,,,,
24,P,Mark Melancon,35,1,0,0,0,0,0,0,0,0,0,0,0,0,,,,,,0,0,0,0,0,0
25,P,Max Fried,26,0,0,,,,,,,,,,,,,,,,,,,,,,
26,P,Sean Newcomb,27,0,0,,,,,,,,,,,,,,,,,,,,,,
27,P,Luke Jackson,28,0,0,,,,,,,,,,,,,,,,,,,,,,
28,P,Bryse Wilson,22,0,0,,,,,,,,,,,,,,,,,,,,,,
29,P,Tyler Matzek,29,0,0,,,,,,,,,,,,,,,,,,,,,,
30,P,Jacob Webb,26,0,0,,,,,,,,,,,,,,,,,,,,,,
31,P,Josh Tomlin,35,0,0,,,,,,,,,,,,,,,,,,,,,,
32,P,A.J. Minter,26,0,0,,,,,,,,,,,,,,,,,,,,,,
33,P,Chris Martin,34,0,0,,,,,,,,,,,,,,,,,,,,,,
34,P,Mike Foltynewicz,28,0,0,,,,,,,,,,,,,,,,,,,,,,
35,P,Will Smith,30,0,0,,,,,,,,,,,,,,,,,,,,,,
36,P,Grant Dayton,32,0,0,,,,,,,,,,,,,,,,,,,,,,
37,P,Touki Toussaint,24,0,0,,,,,,,,,,,,,,,,,,,,,,
38,P,Kyle Wright,24,0,0,,,,,,,,,,,,,,,,,,,,,,
39,P,Huascar Ynoa,22,0,0,,,,,,,,,,,,,,,,,,,,,,
40,P,Robbie Erlin,29,0,0,,,,,,,,,,,,,,,,,,,,,,
41,P,Chad Sobotka,26,0,0,,,,,,,,,,,,,,,,,,,,,,
42,P,Shane Greene,31,0,0,,,,,,,,,,,,,,,,,,,,,,
43,P,Ian Anderson,22,0,0,,,,,,,,,,,,,,,,,,,,,,
44,P,Tommy Milone,33,0,0,,,,,,,,,,,,,,,,,,,,,,
45,P,Jhoulys Chacin,32,0,0,,,,,,,,,,,,,,,,,,,,,,
46,P,Darren O'Day,37,0,0,,,,,,,,,,,,,,,,,,,,,,
47,P,Cole Hamels,36,0,0,,,,,,,,,,,,,,,,,,,,,,
48,P,Chris Rusin,33,0,0,,,,,,,,,,,,,,,,,,,,,,
1,C,Jorge Alfaro,27,31,100,93,12,21,2,0,3,16,2,0,4,36,.226,.280,.344,.624,70,32,2,3,0,0,1
2,1B,Jesus Aguilar,30,51,216,188,31,52,10,0,8,34,0,1,23,40,.277,.352,.457,.809,120,86,5,1,0,4,0
3,2B,Jon Berti,30,39,149,120,21,31,5,0,2,14,9,2,23,37,.258,.388,.350,.738,105,42,1,3,2,1,0
4,SS,Miguel Rojas,31,40,143,125,20,38,10,1,4,20,5,1,16,18,.304,.392,.496,.888,141,62,1,2,0,0,2
5,3B,Brian Anderson,27,59,229,200,27,51,7,1,11,38,0,0,22,66,.255,.345,.465,.810,119,93,2,6,0,1,1
6,LF,Corey Dickerson,31,52,210,194,25,50,5,1,7,17,1,1,15,35,.258,.311,.402,.713,94,78,5,0,0,0,1
7,CF,Starling Marte,31,28,112,106,13,26,6,0,4,13,5,0,2,22,.245,.286,.415,.701,89,44,2,4,0,0,0
8,RF,Matthew Joyce,35,46,148,127,16,32,4,0,2,14,1,0,20,41,.252,.351,.331,.682,89,42,3,0,0,1,0
9,DH,Garrett Cooper,29,34,133,120,20,34,8,0,6,20,0,0,11,31,.283,.353,.500,.853,130,60,5,2,0,0,0
10,MI,Jonathan Villar,29,30,128,116,10,30,4,0,2,9,9,5,10,32,.259,.315,.345,.660,81,40,2,0,1,1,1
11,RF,Lewis Brinson,26,47,112,106,14,24,6,0,3,12,4,0,6,30,.226,.268,.368,.636,72,39,2,0,0,0,0
12,C,Francisco Cervelli,34,16,62,53,10,13,2,0,3,7,1,0,8,14,.245,.355,.453,.808,119,24,3,1,0,0,0
13,MI,Jazz Chisholm,22,21,62,56,8,9,1,1,2,6,2,2,5,19,.161,.242,.321,.563,53,18,0,1,0,0,0
14,OF,Magneuris Sierra,24,19,53,44,8,11,3,1,0,7,4,1,5,9,.250,.333,.364,.697,91,16,0,1,2,1,0
15,OF,Monte Harrison,24,32,51,47,8,8,1,0,1,3,6,0,4,26,.170,.235,.255,.491,35,12,0,0,0,0,0
16,C,Chad Wallach,28,15,48,44,4,10,3,0,1,6,0,0,3,12,.227,.277,.364,.640,74,16,1,0,1,0,0
17,1B,Lewin Diaz,23,14,41,39,2,6,2,0,0,3,0,0,2,12,.154,.195,.205,.400,10,8,2,0,0,0,0
18,IF,Eddy Alvarez,30,12,41,37,6,7,1,0,0,2,2,0,3,16,.189,.268,.216,.485,36,8,0,1,0,0,0
19,IF,Logan Forsythe,33,12,38,34,2,4,1,0,1,2,0,0,4,12,.118,.211,.235,.446,22,8,0,0,0,0,0
20,RF,Jesus Sanchez,22,10,29,25,1,1,1,0,0,2,0,0,4,11,.040,.172,.080,.252,-27,2,1,0,0,0,0
21,2B,Isan Diaz,24,7,22,22,3,4,0,0,0,1,0,0,0,7,.182,.182,.182,.364,0,4,0,0,0,0,0
22,UT,Sean Rodriguez,35,4,13,13,0,2,0,0,0,0,0,0,0,6,.154,.154,.154,.308,-15,2,0,0,0,0,0
23,OF,Harold Ramirez,25,3,11,10,2,2,0,0,0,1,0,1,1,2,.200,.273,.200,.473,33,2,0,0,0,0,0
24,C,Ryan Lavarnway,32,5,11,11,0,4,0,0,0,0,0,0,0,2,.364,.364,.364,.727,101,4,0,0,0,0,0
25,C,Brian Navarreto,25,2,5,5,0,2,0,0,0,0,0,0,0,1,.400,.400,.400,.800,121,2,0,0,0,0,0
26,P,Nick Vincent,33,0,0,,,,,,,,,,,,,,,,,,,,,,
27,P,Elieser Hernandez,25,0,0,,,,,,,,,,,,,,,,,,,,,,
28,P,Jorge Guzman,24,0,0,,,,,,,,,,,,,,,,,,,,,,
29,P,Richard Bleier,33,0,0,,,,,,,,,,,,,,,,,,,,,,
30,P,Jordan Holloway,24,0,0,,,,,,,,,,,,,,,,,,,,,,
31,P,Stephen Tarpley,27,0,0,,,,,,,,,,,,,,,,,,,,,,
32,P,Jesus Tinoco,25,0,0,,,,,,,,,,,,,,,,,,,,,,
33,P,Josh D. Smith,30,0,0,,,,,,,,,,,,,,,,,,,,,,
34,P,Sterling Sharp,25,0,0,,,,,,,,,,,,,,,,,,,,,,
35,P,Brandon Leibrandt,27,0,0,,,,,,,,,,,,,,,,,,,,,,
36,P,Braxton Garrett,22,0,0,,,,,,,,,,,,,,,,,,,,,,
37,P,Jeff Brigham,28,0,0,,,,,,,,,,,,,,,,,,,,,,
38,P,Brad Boxberger,32,0,0,,,,,,,,,,,,,,,,,,,,,,
39,P,Sandy Alcantara,24,0,0,,,,,,,,,,,,,,,,,,,,,,
40,P,Brett Eibner,31,0,0,,,,,,,,,,,,,,,,,,,,,,
41,P,Yimi Garcia,29,0,0,,,,,,,,,,,,,,,,,,,,,,
42,P,Ryne Stanek,28,0,0,,,,,,,,,,,,,,,,,,,,,,
43,P,James Hoyt,33,0,0,,,,,,,,,,,,,,,,,,,,,,
44,P,Robert Dugger,24,0,0,,,,,,,,,,,,,,,,,,,,,,
45,P,Mike Morin,29,0,0,,,,,,,,,,,,,,,,,,,,,,
46,P,Pat Venditte,35,0,0,,,,,,,,,,,,,,,,,,,,,,
47,P,Johan Quezada,25,0,0,,,,,,,,,,,,,,,,,,,,,,
48,P,Nick Neidert,23,0,0,,,,,,,,,,,,,,,,,,,,,,
49,P,Alex Vesia,24,0,0,,,,,,,,,,,,,,,,,,,,,,
50,P,Josh A. Smith,32,0,0,,,,,,,,,,,,,,,,,,,,,,
51,P,Daniel Castano,25,0,0,,,,,,,,,,,,,,,,,,,,,,
52,P,Brandon Kintzler,35,0,0,,,,,,,,,,,,,,,,,,,,,,
53,P,Trevor Rogers,22,0,0,,,,,,,,,,,,,,,,,,,,,,
54,P,Pablo Lopez,24,0,0,,,,,,,,,,,,,,,,,,,,,,
55,P,Humberto Mejia,23,0,0,,,,,,,,,,,,,,,,,,,,,,
56,P,Jordan Yamamoto,24,0,0,,,,,,,,,,,,,,,,,,,,,,
57,P,Caleb Smith,28,0,0,,,,,,,,,,,,,,,,,,,,,,
58,P,Brian Moran,31,0,0,,,,,,,,,,,,,,,,,,,,,,
59,P,Sixto Sanchez,21,0,0,,,,,,,,,,,,,,,,,,,,,,
60,P,Jose Urena,28,0,0,,,,,,,,,,,,,,,,,,,,,,
61,P,Justin Shafer,27,0,0,,,,,,,,,,,,,,,,,,,,,,
1,C,J.T. Realmuto,29,47,195,173,33,46,6,0,11,32,4,1,16,48,.266,.349,.491,.840,123,85,3,6,0,0,0
2,1B,Rhys Hoskins,27,41,185,151,35,37,9,0,10,26,1,0,29,43,.245,.384,.503,.887,137,76,4,5,0,0,0
3,2B,Jean Segura,30,54,217,192,28,51,5,2,7,25,2,2,23,45,.266,.347,.422,.769,106,81,6,1,1,0,2
4,SS,Didi Gregorius,30,60,237,215,34,61,10,2,10,40,3,2,15,28,.284,.339,.488,.827,119,105,4,4,1,2,3
5,3B,Alec Bohm,23,44,180,160,24,54,11,0,4,23,1,1,16,36,.338,.400,.481,.881,136,77,4,2,0,2,0
6,LF,Andrew McCutchen,33,57,241,217,32,55,9,0,10,34,4,0,22,48,.253,.324,.433,.757,102,94,4,1,0,1,0
7,CF,Roman Quinn,27,41,116,108,14,23,3,1,2,7,12,0,5,39,.213,.261,.315,.576,54,34,0,2,1,0,0
8,RF,Bryce Harper,27,58,244,190,41,51,9,2,13,33,8,2,49,43,.268,.420,.542,.962,157,103,5,2,1,2,8
9,DH,Phil Gosselin,31,39,102,92,14,23,5,0,3,12,0,0,10,27,.250,.324,.402,.726,94,37,3,0,0,0,1
10,2B,Scott Kingery,26,36,124,113,12,18,5,0,3,6,0,0,9,35,.159,.228,.283,.511,37,32,1,1,1,0,0
11,UT,Jay Bruce,33,32,103,96,11,19,4,2,6,14,0,0,7,24,.198,.252,.469,.721,88,45,1,0,0,0,1
12,CF,Adam Haseley,24,40,92,79,7,22,5,0,0,13,0,0,7,17,.278,.348,.342,.690,87,27,3,2,3,1,1
13,C,Andrew Knapp,28,33,89,72,9,20,4,1,2,15,0,0,15,19,.278,.404,.444,.849,129,32,1,1,0,1,0
14,UT,Neil Walker,34,18,41,39,5,9,3,0,0,3,0,0,1,13,.231,.244,.308,.552,47,12,0,0,0,1,0
15,OF,Kyle Garlick,28,12,23,22,0,3,1,0,0,3,0,0,0,7,.136,.174,.182,.356,-4,4,0,1,0,0,0
16,OF,Mickey Moniak,22,8,18,14,3,3,0,0,0,0,0,0,4,6,.214,.389,.214,.603,70,3,0,0,0,0,0
17,C,Rafael Marchan,21,3,9,8,3,4,0,0,1,3,0,0,1,2,.500,.556,.875,1.431,277,7,0,0,0,0,0
18,UT,Ronald Torreyes,27,4,7,7,1,1,1,0,0,0,0,0,0,0,.143,.143,.286,.429,11,2,1,0,0,0,0
19,P,David Hale,32,0,0,,,,,,,,,,,,,,,,,,,,,,
20,P,Deolis Guerra,31,0,0,,,,,,,,,,,,,,,,,,,,,,
21,P,Spencer Howard,23,0,0,,,,,,,,,,,,,,,,,,,,,,
22,P,Jake Arrieta,34,0,0,,,,,,,,,,,,,,,,,,,,,,
23,P,Adonis Medina,23,0,0,,,,,,,,,,,,,,,,,,,,,,
24,P,Nick Pivetta,27,0,0,,,,,,,,,,,,,,,,,,,,,,
25,P,Vince Velasquez,28,0,0,,,,,,,,,,,,,,,,,,,,,,
26,P,Ranger Suarez,24,0,0,,,,,,,,,,,,,,,,,,,,,,
27,P,Brandon Workman,31,0,0,,,,,,,,,,,,,,,,,,,,,,
28,P,JoJo Romero,23,0,0,,,,,,,,,,,,,,,,,,,,,,
29,P,Hector Neris,31,1,0,0,0,0,0,0,0,0,0,0,0,0,,,,,,0,0,0,0,0,0
30,P,Garrett Cleavinger,26,0,0,,,,,,,,,,,,,,,,,,,,,,
31,P,David Phelps,33,0,0,,,,,,,,,,,,,,,,,,,,,,
32,P,Heath Hembree,31,0,0,,,,,,,,,,,,,,,,,,,,,,
33,P,Ramon Rosso,24,0,0,,,,,,,,,,,,,,,,,,,,,,
34,P,Adam Morgan,30,0,0,,,,,,,,,,,,,,,,,,,,,,
35,P,Tommy Hunter,33,0,0,,,,,,,,,,,,,,,,,,,,,,
36,P,Aaron Nola,27,1,0,0,0,0,0,0,0,0,0,0,0,0,,,,,,0,0,0,0,0,0
37,P,Connor Brogdon,25,0,0,,,,,,,,,,,,,,,,,,,,,,
38,P,Trevor Kelley,26,1,0,0,0,0,0,0,0,0,0,0,0,0,,,,,,0,0,0,0,0,0
39,P,Austin Davis,27,1,0,0,0,0,0,0,0,0,0,0,0,0,,,,,,0,0,0,0,0,0
40,P,Reggie McClain,27,0,0,,,,,,,,,,,,,,,,,,,,,,
41,P,Mauricio Llovera,24,0,0,,,,,,,,,,,,,,,,,,,,,,
42,P,Zach Eflin,26,0,0,,,,,,,,,,,,,,,,,,,,,,
43,P,Jose Alvarez,31,0,0,,,,,,,,,,,,,,,,,,,,,,
44,P,Zack Wheeler,30,0,0,,,,,,,,,,,,,,,,,,,,,,
45,P,Blake Parker,35,1,0,0,0,0,0,0,0,0,0,0,0,0,,,,,,0,0,0,0,0,0
46,P,Cole Irvin,26,0,0,,,,,,,,,,,,,,,,,,,,,,
1,C,Yan Gomes,32,30,119,109,14,31,6,1,4,13,1,0,6,22,.284,.319,.468,.787,107,51,1,1,0,3,0
2,1B,Eric Thames,33,41,140,123,10,25,5,0,3,12,1,0,14,42,.203,.300,.317,.617,65,39,2,3,0,0,1
3,2B,Luis Garcia,20,40,139,134,18,37,6,0,2,16,1,1,5,29,.276,.302,.366,.668,78,49,3,0,0,0,0
4,SS,Trea Turner,27,59,259,233,46,78,15,4,12,41,12,4,22,36,.335,.394,.588,.982,157,137,5,2,0,2,0
5,3B,Carter Kieboom,22,33,122,99,15,20,1,0,0,9,0,1,17,33,.202,.344,.212,.556,54,21,6,5,0,1,0
6,LF,Juan Soto,21,47,196,154,39,54,14,0,13,37,6,2,41,28,.351,.490,.695,1.185,212,107,1,1,0,0,12
7,CF,Victor Robles,23,52,189,168,20,37,5,1,3,15,4,1,9,53,.220,.293,.315,.608,63,53,0,9,1,2,0
8,RF,Adam Eaton,31,41,176,159,22,36,11,1,4,17,3,0,12,32,.226,.285,.384,.669,76,61,4,1,4,0,1
9,DH,Howie Kendrick,36,25,100,91,11,25,4,0,2,14,0,0,7,17,.275,.320,.385,.705,87,35,4,0,0,2,2
10,CI,Asdrubal Cabrera,34,52,213,190,23,46,9,3,8,31,0,0,19,40,.242,.305,.447,.753,98,85,6,0,0,4,0
11,C,Kurt Suzuki,36,33,129,111,15,30,8,0,2,17,1,0,11,19,.270,.349,.396,.745,99,44,4,4,0,3,0
12,OF,Michael A. Taylor,29,38,99,92,11,18,6,0,5,16,0,0,6,27,.196,.253,.424,.676,76,39,2,1,0,0,0
13,UT,Josh Harrison,32,33,91,79,11,22,2,0,3,14,1,2,6,12,.278,.352,.418,.769,105,33,2,4,0,2,0
14,UT,Brock Holt,32,20,70,65,11,17,6,0,0,4,1,0,5,15,.262,.314,.354,.668,78,23,1,0,0,0,0
15,2B,Starlin Castro,30,16,63,60,9,16,3,1,2,4,0,0,3,13,.267,.302,.450,.752,97,27,0,0,0,0,0
16,OF,Andrew Stevenson,26,15,47,41,11,15,7,1,2,12,2,0,5,11,.366,.447,.732,1.179,207,30,0,1,0,0,0
17,DH,Yadiel Hernández,32,12,28,26,3,5,3,0,1,6,0,0,1,12,.192,.214,.423,.637,64,11,0,0,0,1,0
18,IF,Wilmer Difo,28,12,18,14,1,1,0,0,0,1,0,0,3,4,.071,.222,.071,.294,-16,1,0,0,0,1,0
19,1B,Jake Noll,26,7,17,17,2,6,1,0,0,0,0,0,0,4,.353,.353,.412,.765,104,7,1,0,0,0,0
20,LF,Emilio Bonifacio,35,3,3,3,1,0,0,0,0,0,0,1,0,2,.000,.000,.000,.000,-100,0,0,0,0,0,0
21,P,Kyle Finnegan,28,0,0,,,,,,,,,,,,,,,,,,,,,,
22,P,Paolo Espino,33,0,0,,,,,,,,,,,,,,,,,,,,,,
23,P,Tanner Rainey,27,0,0,,,,,,,,,,,,,,,,,,,,,,
24,P,Ryne Harper,31,0,0,,,,,,,,,,,,,,,,,,,,,,
25,P,Javy Guerra,34,0,0,,,,,,,,,,,,,,,,,,,,,,
26,P,Stephen Strasburg,31,0,0,,,,,,,,,,,,,,,,,,,,,,
27,P,Max Scherzer,35,0,0,,,,,,,,,,,,,,,,,,,,,,
28,P,Sean Doolittle,33,0,0,,,,,,,,,,,,,,,,,,,,,,
29,P,Wander Suero,28,0,0,,,,,,,,,,,,,,,,,,,,,,
30,P,Patrick Corbin,30,0,0,,,,,,,,,,,,,,,,,,,,,,
31,P,Dakota Bacus,29,0,0,,,,,,,,,,,,,,,,,,,,,,
32,P,Wil Crowe,25,0,0,,,,,,,,,,,,,,,,,,,,,,
33,P,Sam Freeman,33,0,0,,,,,,,,,,,,,,,,,,,,,,
34,P,Will Harris,35,0,0,,,,,,,,,,,,,,,,,,,,,,
35,P,Kyle McGowin,28,0,0,,,,,,,,,,,,,,,,,,,,,,
36,P,Anibal Sanchez,36,0,0,,,,,,,,,,,,,,,,,,,,,,
37,P,Daniel Hudson,33,0,0,,,,,,,,,,,,,,,,,,,,,,
38,P,Seth Romero,24,0,0,,,,,,,,,,,,,,,,,,,,,,
39,P,Erick Fedde,27,0,0,,,,,,,,,,,,,,,,,,,,,,
40,P,Austin Voth,28,0,0,,,,,,,,,,,,,,,,,,,,,,
41,P,Ben Braymer,26,0,0,,,,,,,,,,,,,,,,,,,,,,
42,P,James Bourque,26,0,0,,,,,,,,,,,,,,,,,,,,,,
43,P,Aaron Barrett,32,0,0,,,,,,,,,,,,,,,,,,,,,,
1,C,Wilson Ramos,32,45,155,142,13,34,6,0,5,15,0,0,10,31,.239,.297,.387,.684,88,55,5,2,0,1,0
2,1B,Pete Alonso,25,57,239,208,31,48,6,0,16,35,1,0,24,61,.231,.326,.490,.817,123,102,4,6,0,1,4
3,2B,Robinson Cano,37,49,182,171,23,54,9,0,10,30,0,0,9,24,.316,.352,.544,.896,144,93,7,1,0,1,1
4,SS,Amed Rosario,24,46,147,143,20,36,3,1,4,15,0,1,4,34,.252,.272,.371,.643,76,53,5,0,0,0,0
5,3B,J.D. Davis,27,56,229,190,26,47,9,0,6,19,0,0,31,56,.247,.371,.389,.761,112,74,8,7,0,1,1
6,LF,Jeff McNeil,28,52,209,183,19,57,14,0,4,23,0,2,20,24,.311,.383,.454,.836,131,83,3,3,0,3,2
7,CF,Brandon Nimmo,27,55,225,186,33,52,8,3,8,18,1,2,33,43,.280,.404,.484,.888,146,90,1,6,0,0,0
8,RF,Michael Conforto,27,54,233,202,40,65,12,0,9,31,3,3,24,57,.322,.412,.515,.927,156,104,6,7,0,0,0
9,DH,Yoenis Céspedes,34,8,34,31,3,5,1,0,2,4,0,0,2,15,.161,.235,.387,.622,69,12,1,1,0,0,0
10,UT,Dominic Smith,25,50,199,177,27,56,21,1,10,42,0,0,14,45,.316,.377,.616,.993,169,109,2,5,0,3,0
11,SS,Andres Gimenez,21,49,132,118,22,31,3,2,3,12,8,1,7,28,.263,.333,.398,.732,102,47,0,6,0,1,0
12,IF,Luis Guillorme,25,29,68,57,6,19,6,0,0,9,2,0,10,17,.333,.426,.439,.865,141,25,3,0,0,1,0
13,3B,Todd Frazier,34,14,51,49,5,11,2,0,2,5,0,0,1,16,.224,.255,.388,.643,75,19,1,1,0,0,0
14,CF,Jake Marisnick,29,16,34,33,4,11,3,0,2,5,0,0,1,10,.333,.353,.606,.959,159,20,0,0,0,0,0
15,C,Robinson Chirinos,36,12,33,32,1,7,2,0,1,5,0,0,1,9,.219,.242,.375,.617,68,12,2,0,0,0,0
16,C,Tomas Nido,26,7,26,24,4,7,1,0,2,6,0,0,2,6,.292,.346,.583,.929,152,14,2,0,0,0,0
17,CF,Billy Hamilton,29,17,25,22,4,1,0,0,0,1,3,1,1,3,.045,.083,.045,.129,-63,1,0,0,1,1,0
18,CF,Guillermo Heredia,29,7,18,17,4,4,0,0,2,3,0,0,1,5,.235,.278,.588,.866,131,10,0,0,0,0,0
19,2B,Brian Dozier,33,7,16,15,1,2,0,0,0,0,0,0,1,5,.133,.188,.133,.321,-8,2,1,0,0,0,0
20,C,Ali Sanchez,23,5,10,9,0,1,0,0,0,0,0,0,1,3,.111,.200,.111,.311,-10,1,2,0,0,0,0
21,OF,Ryan Cordell,28,5,8,8,0,1,0,0,0,0,1,0,0,3,.125,.125,.125,.250,-30,1,0,0,0,0,0
22,C,Rene Rivera,36,2,4,4,0,1,0,0,0,0,0,0,0,3,.250,.250,.250,.500,40,1,0,0,0,0,0
23,DH,Eduardo Nunez,33,2,2,2,0,1,0,0,0,0,1,0,0,0,.500,.500,.500,1.000,180,1,0,0,0,0,0
24,CF,Juan Lagares,31,2,0,0,0,0,0,0,0,0,0,0,0,0,,,,,,0,0,0,0,0,0
25,P,Seth Lugo,30,0,0,,,,,,,,,,,,,,,,,,,,,,
26,P,Jeurys Familia,30,0,0,,,,,,,,,,,,,,,,,,,,,,
27,P,Dellin Betances,32,0,0,,,,,,,,,,,,,,,,,,,,,,
28,P,Corey Oswalt,26,0,0,,,,,,,,,,,,,,,,,,,,,,
29,P,Paul Sewald,30,0,0,,,,,,,,,,,,,,,,,,,,,,
30,P,Rick Porcello,31,0,0,,,,,,,,,,,,,,,,,,,,,,
31,P,Michael Wacha,28,0,0,,,,,,,,,,,,,,,,,,,,,,
32,P,Hunter Strickland,31,0,0,,,,,,,,,,,,,,,,,,,,,,
33,P,Drew Smith,26,0,0,,,,,,,,,,,,,,,,,,,,,,
34,P,David Peterson,24,0,0,,,,,,,,,,,,,,,,,,,,,,
35,P,Walker Lockett,26,0,0,,,,,,,,,,,,,,,,,,,,,,
36,P,Brad Brach,34,0,0,,,,,,,,,,,,,,,,,,,,,,
37,P,Jared Hughes,34,0,0,,,,,,,,,,,,,,,,,,,,,,
38,P,Robert Gsellman,26,0,0,,,,,,,,,,,,,,,,,,,,,,
39,P,Edwin Diaz,26,0,0,,,,,,,,,,,,,,,,,,,,,,
40,P,Miguel Castro,25,0,0,,,,,,,,,,,,,,,,,,,,,,
41,P,Franklyn Kilome,25,0,0,,,,,,,,,,,,,,,,,,,,,,
42,P,Ariel Jurado,24,0,0,,,,,,,,,,,,,,,,,,,,,,
43,P,Justin Wilson,32,0,0,,,,,,,,,,,,,,,,,,,,,,
44,P,Steven Matz,29,0,0,,,,,,,,,,,,,,,,,,,,,,
45,P,Chasen Shreve,29,0,0,,,,,,,,,,,,,,,,,,,,,,
46,P,Erasmo Ramirez,30,0,0,,,,,,,,,,,,,,,,,,,,,,
47,P,Jacob deGrom,32,0,0,,,,,,,,,,,,,,,,,,,,,,
1,C,Willson Contreras,28,57,225,189,37,46,10,0,7,26,1,2,20,57,.243,.356,.407,.763,106,77,6,14,0,2,1
2,1B,Anthony Rizzo,30,58,243,203,26,45,6,0,11,24,3,1,28,38,.222,.342,.414,.755,103,84,6,10,0,2,4
3,2B,Jason Kipnis,33,44,135,114,13,27,8,1,3,16,1,0,18,41,.237,.341,.404,.744,101,46,1,1,0,2,0
4,SS,Javier Baez,27,59,235,222,27,45,9,1,8,24,3,0,7,75,.203,.238,.360,.599,59,80,8,4,0,2,0
5,3B,David Bote,27,45,145,125,15,25,3,1,7,29,2,0,17,40,.200,.303,.408,.711,90,51,6,2,0,1,0
6,LF,Kyle Schwarber,27,59,224,191,30,36,6,0,11,24,1,0,30,66,.188,.308,.393,.701,88,75,3,3,0,0,1
7,CF,Ian Happ,25,57,231,198,27,51,11,1,12,28,1,3,30,63,.258,.361,.505,.866,131,100,1,2,1,0,1
8,RF,Jason Heyward,30,50,181,147,20,39,6,2,6,22,2,0,30,37,.265,.392,.456,.848,129,67,1,2,0,2,1
9,DH,Victor Caratini,26,44,132,116,10,28,7,0,1,16,0,1,12,31,.241,.333,.328,.661,80,38,4,4,0,0,1
10,3B,Kris Bryant,28,34,147,131,20,27,5,1,4,11,0,0,12,40,.206,.293,.351,.644,73,46,1,4,0,0,0
11,2B,Nico Hoerner,23,48,126,108,19,24,4,0,0,13,3,2,12,24,.222,.312,.259,.571,57,28,3,3,0,2,0
12,OF,Cameron Maybin,33,18,56,52,3,13,4,1,0,5,3,0,3,12,.250,.304,.365,.669,80,19,1,1,0,0,0
13,CF,Albert Almora,26,28,34,30,4,5,1,0,0,1,0,0,3,9,.167,.265,.200,.465,29,6,0,1,0,0,0
14,OF,Steven Souza Jr.,31,11,31,27,3,4,2,0,1,5,1,0,4,15,.148,.258,.333,.591,58,9,0,0,0,0,0
15,DH,Jose Martinez,31,10,22,21,0,0,0,0,0,0,0,0,1,7,.000,.045,.000,.045,-86,0,1,0,0,0,0
16,DH,Josh Phegley,32,11,18,16,4,1,0,0,1,2,0,0,1,3,.063,.167,.250,.417,11,4,0,1,0,0,0
17,CF,Billy Hamilton,29,14,11,10,6,3,0,0,1,1,3,1,1,4,.300,.364,.600,.964,154,6,0,0,0,0,0
18,IF,Ildemaro Vargas,28,6,9,9,1,2,0,0,1,1,0,0,0,3,.222,.222,.556,.778,100,5,0,0,0,0,0
19,UT,Hernan Perez,29,3,6,6,0,1,0,0,0,0,0,0,0,2,.167,.167,.167,.333,-9,1,0,0,0,0,0
20,1B,Patrick Wisdom,28,2,2,2,0,0,0,0,0,0,0,0,0,0,.000,.000,.000,.000,-100,0,0,0,0,0,0
21,,Ian Miller,28,1,0,0,0,0,0,0,0,0,0,0,0,0,,,,,,0,0,0,0,0,0
22,P,Alec Mills,28,1,1,1,0,0,0,0,0,0,0,0,0,1,.000,.000,.000,.000,-100,0,0,0,0,0,0
23,P,Colin Rea,29,0,0,,,,,,,,,,,,,,,,,,,,,,
24,P,Jon Lester,36,0,0,,,,,,,,,,,,,,,,,,,,,,
25,P,Jose Quintana,31,0,0,,,,,,,,,,,,,,,,,,,,,,
26,P,Andrew Chafin,30,0,0,,,,,,,,,,,,,,,,,,,,,,
27,P,Jeremy Jeffress,32,2,0,0,0,0,0,0,0,0,0,0,0,0,,,,,,0,0,0,0,0,0
28,P,James Norwood,26,0,0,,,,,,,,,,,,,,,,,,,,,,
29,P,Brailyn Marquez,21,0,0,,,,,,,,,,,,,,,,,,,,,,
30,P,Ryan Tepera,32,0,0,,,,,,,,,,,,,,,,,,,,,,
31,P,Rex Brothers,32,0,0,,,,,,,,,,,,,,,,,,,,,,
32,P,Brad Wieck,28,0,0,,,,,,,,,,,,,,,,,,,,,,
33,P,Kyle Hendricks,30,1,0,0,0,0,0,0,0,0,0,0,0,0,,,,,,0,0,0,0,0,0
34,P,Jason Adam,28,0,0,,,,,,,,,,,,,,,,,,,,,,
35,P,Craig Kimbrel,32,3,0,0,0,0,0,0,0,0,0,0,0,0,,,,,,0,0,0,0,0,0
36,P,Duane Underwood Jr.,25,0,0,,,,,,,,,,,,,,,,,,,,,,
37,P,Kyle Ryan,28,0,0,,,,,,,,,,,,,,,,,,,,,,
38,P,Matt Dermody,29,0,0,,,,,,,,,,,,,,,,,,,,,,
39,P,Tyson Miller,24,0,0,,,,,,,,,,,,,,,,,,,,,,
40,P,Adbert Alzolay,25,0,0,,,,,,,,,,,,,,,,,,,,,,
41,P,Rowan Wick,27,1,0,0,0,0,0,0,0,0,0,0,0,0,,,,,,0,0,0,0,0,0
42,P,Josh Osich,31,0,0,,,,,,,,,,,,,,,,,,,,,,
43,P,Dan Winkler,30,3,0,0,0,0,0,0,0,0,0,0,0,0,,,,,,0,0,0,0,0,0
44,P,Casey Sadler,29,0,0,,,,,,,,,,,,,,,,,,,,,,
45,P,Yu Darvish,33,0,0,,,,,,,,,,,,,,,,,,,,,,
46,P,Tyler Chatwood,30,0,0,,,,,,,,,,,,,,,,,,,,,,
47,P,Dillon Maples,28,0,0,,,,,,,,,,,,,,,,,,,,,,
1,C,Yadier Molina,37,42,156,145,12,38,2,0,4,16,0,0,6,21,.262,.303,.359,.662,81,52,7,3,1,1,0
2,1B,Paul Goldschmidt,32,58,231,191,31,58,13,0,6,21,1,0,37,43,.304,.417,.466,.883,142,89,4,1,0,1,0
3,2B,Kolten Wong,29,53,208,181,26,48,4,2,1,16,5,2,20,30,.265,.350,.326,.675,87,59,1,4,2,1,1
4,SS,Paul DeJong,26,45,174,152,17,38,6,0,3,25,1,0,17,50,.250,.322,.349,.671,84,53,4,1,0,4,0
5,3B,Matt Carpenter,34,50,169,140,22,26,6,0,4,24,0,0,23,48,.186,.325,.314,.640,77,44,1,6,0,0,1
6,LF,Tyler O'Neill,25,50,157,139,20,24,5,0,7,19,3,1,15,43,.173,.261,.360,.621,68,50,3,2,0,1,0
7,CF,Harrison Bader,26,50,125,106,21,24,7,2,4,11,3,1,13,40,.226,.336,.443,.779,111,47,2,5,0,1,0
8,RF,Dexter Fowler,34,31,101,90,14,21,2,0,4,15,1,1,10,28,.233,.317,.389,.706,92,35,2,1,0,0,0
9,DH,Brad Miller,30,48,171,142,21,33,8,1,7,25,1,0,25,46,.232,.357,.451,.807,120,64,2,3,0,1,1
10,UT,Tommy Edman,25,55,227,204,29,51,7,1,5,26,2,4,16,48,.250,.317,.368,.685,87,75,5,5,0,2,0
11,OF,Dylan Carlson,21,35,119,110,11,22,7,1,3,16,1,1,8,35,.200,.252,.364,.616,66,40,3,0,0,1,0
12,UT,Rangel Ravelo,28,13,41,35,5,6,1,0,1,6,0,0,4,6,.171,.244,.286,.530,45,10,0,0,0,2,0
13,C,Matt Wieters,34,19,41,35,3,7,1,0,0,4,0,0,3,10,.200,.300,.229,.529,48,8,1,2,1,0,0
14,OF,Lane Thomas,24,18,40,36,5,4,2,0,1,2,0,0,4,13,.111,.200,.250,.450,22,9,1,0,0,0,0
15,C,Andrew Knizner,25,8,17,16,1,4,1,0,0,4,0,0,0,5,.250,.235,.313,.548,48,5,2,0,0,1,0
16,IF,Max Schrock,25,11,17,17,1,3,0,0,1,1,0,0,0,6,.176,.176,.353,.529,40,6,0,0,0,0,0
17,UT,Austin Dean,26,3,7,4,1,1,1,0,0,0,0,0,3,2,.250,.571,.500,1.071,198,2,0,0,0,0,0
18,RF,Justin Williams,24,3,6,5,0,1,0,0,0,0,0,0,1,2,.200,.333,.200,.533,52,1,0,0,0,0,0
19,1B,John Nogowski,27,1,4,4,0,1,0,0,0,0,0,0,0,1,.250,.250,.250,.500,38,1,0,0,0,0,0
20,P,Jack Flaherty,24,0,0,,,,,,,,,,,,,,,,,,,,,,
21,P,Ricardo Sanchez,23,0,0,,,,,,,,,,,,,,,,,,,,,,
22,P,Nabil Crismatt,25,0,0,,,,,,,,,,,,,,,,,,,,,,
23,P,Andrew Miller,35,0,0,,,,,,,,,,,,,,,,,,,,,,
24,P,Ryan Meisinger,26,0,0,,,,,,,,,,,,,,,,,,,,,,
25,P,Rob Kaminsky,25,0,0,,,,,,,,,,,,,,,,,,,,,,
26,P,Jake Woodford,23,1,0,0,0,0,0,0,0,0,0,0,0,0,,,,,,0,0,0,0,0,0
27,P,Carlos Martinez,28,0,0,,,,,,,,,,,,,,,,,,,,,,
28,P,Tyler Webb,29,0,0,,,,,,,,,,,,,,,,,,,,,,
29,P,Austin Gomber,26,0,0,,,,,,,,,,,,,,,,,,,,,,
30,P,Daniel Ponce de Leon,28,0,0,,,,,,,,,,,,,,,,,,,,,,
31,P,Genesis Cabrera,23,0,0,0,0,0,0,0,0,0,0,0,0,0,,,,,,0,0,0,0,0,0
32,P,Roel Ramirez,25,0,0,,,,,,,,,,,,,,,,,,,,,,
33,P,Jesus Cruz,25,0,0,,,,,,,,,,,,,,,,,,,,,,
34,P,Johan Oviedo,22,0,0,,,,,,,,,,,,,,,,,,,,,,
35,P,Ryan Helsley,25,0,0,,,,,,,,,,,,,,,,,,,,,,
36,P,Alex Reyes,25,0,0,,,,,,,,,,,,,,,,,,,,,,
37,P,Junior Fernandez,23,0,0,,,,,,,,,,,,,,,,,,,,,,
38,P,Dakota Hudson,25,0,0,,,,,,,,,,,,,,,,,,,,,,
39,P,Adam Wainwright,38,0,0,,,,,,,,,,,,,,,,,,,,,,
40,P,Seth Elledge,24,1,0,0,0,0,0,0,0,0,0,0,0,0,,,,,,0,0,0,0,0,0
41,P,Kwang Hyun Kim,31,0,0,,,,,,,,,,,,,,,,,,,,,,
42,P,Kodi Whitley,25,0,0,,,,,,,,,,,,,,,,,,,,,,
43,P,Giovanny Gallegos,28,0,0,,,,,,,,,,,,,,,,,,,,,,
44,P,John Gant,27,0,0,,,,,,,,,,,,,,,,,,,,,,
1,C,Tucker Barnhart,29,38,110,98,10,20,3,0,5,13,0,0,12,28,.204,.291,.388,.679,77,38,2,0,0,0,0
2,1B,Joey Votto,36,54,223,186,32,42,8,0,11,22,0,0,37,43,.226,.354,.446,.800,110,83,5,0,0,0,1
3,2B,Mike Moustakas,31,44,163,139,13,32,9,0,8,27,1,0,18,36,.230,.331,.468,.799,108,65,5,4,0,2,1
4,SS,Freddy Galvis,30,47,159,141,18,31,5,0,7,16,1,1,13,30,.220,.308,.404,.712,86,57,5,5,0,0,0
5,3B,Eugenio Suarez,28,57,231,198,29,40,8,0,15,38,2,0,30,67,.202,.312,.470,.781,102,93,5,2,0,1,1
6,LF,Shogo Akiyama,32,54,183,155,16,38,6,1,0,9,7,3,25,34,.245,.357,.297,.654,76,46,1,2,0,0,0
7,CF,Nick Senzel,25,23,78,70,8,13,6,0,2,8,2,1,6,15,.186,.247,.357,.604,57,25,2,0,0,1,0
8,RF,Nicholas Castellanos,28,60,242,218,37,49,11,2,14,34,0,2,19,69,.225,.298,.486,.784,102,106,5,4,0,1,1
9,DH,Jesse Winker,26,54,183,149,27,38,7,0,12,23,1,0,28,46,.255,.388,.544,.932,142,81,3,5,0,1,0
10,C,Curt Casali,31,31,93,76,10,17,3,0,6,8,1,0,14,29,.224,.366,.500,.866,126,38,2,3,0,0,0
11,IF,Kyle Farmer,29,32,70,64,4,17,3,0,0,4,1,0,5,13,.266,.329,.313,.641,71,20,0,1,0,0,0
12,SS,José García,22,24,68,67,4,13,0,0,0,2,1,1,1,26,.194,.206,.194,.400,7,13,1,0,0,0,0
13,OF,Aristides Aquino,26,23,56,47,7,8,1,0,2,8,1,0,6,18,.170,.304,.319,.623,65,15,1,3,0,0,0
14,CF,Brian Goodwin,29,20,55,49,5,8,2,0,2,5,4,0,5,19,.163,.236,.327,.563,47,16,1,0,0,1,0
15,DH,Matt Davidson,29,20,47,43,3,7,1,0,3,11,0,0,4,13,.163,.234,.395,.629,62,17,2,0,0,0,0
16,OF,Phil Ervin,27,19,42,35,5,3,0,0,0,0,1,0,6,8,.086,.238,.086,.324,-9,3,1,1,0,0,0
17,IF,Josh VanMeter,25,14,38,34,3,2,1,0,1,1,1,0,3,16,.059,.158,.176,.334,-12,6,0,1,0,0,0
18,2B,Christian Colon,31,11,24,23,3,3,1,0,0,2,1,0,1,3,.130,.167,.174,.341,-10,4,1,0,0,0,0
19,DH,Tyler Stephenson,23,8,20,17,4,5,0,0,2,6,0,0,2,9,.294,.400,.647,1.047,170,11,0,1,0,0,0
20,LF,Mark Payton,28,8,20,18,0,3,1,0,0,0,1,0,2,5,.167,.250,.222,.472,27,4,1,0,0,0,0
21,OF,Travis Jankowski,29,16,17,15,3,1,0,0,0,0,2,1,2,7,.067,.176,.067,.243,-32,1,1,0,0,0,0
22,P,Michael Lorenzen,28,6,1,0,2,0,0,0,0,0,0,0,0,0,,1.000,,,,0,0,1,0,0,0
23,P,Anthony DeSclafani,30,0,0,,,,,,,,,,,,,,,,,,,,,,
24,P,Brooks Raley,32,0,0,,,,,,,,,,,,,,,,,,,,,,
25,P,Wade Miley,33,0,0,,,,,,,,,,,,,,,,,,,,,,
26,P,Joel Kuhnel,25,0,0,,,,,,,,,,,,,,,,,,,,,,
27,P,Luis Castillo,27,0,0,,,,,,,,,,,,,,,,,,,,,,
28,P,Archie Bradley,27,0,0,,,,,,,,,,,,,,,,,,,,,,
29,P,Cody Reed,27,0,0,,,,,,,,,,,,,,,,,,,,,,
30,P,Amir Garrett,28,0,0,,,,,,,,,,,,,,,,,,,,,,
31,P,Robert Stephenson,27,0,0,,,,,,,,,,,,,,,,,,,,,,
32,P,Jesse Biddle,28,0,0,,,,,,,,,,,,,,,,,,,,,,
33,P,Raisel Iglesias,30,1,0,0,0,0,0,0,0,0,0,0,0,0,,,,,,0,0,0,0,0,0
34,P,Tyler Thornburg,31,0,0,,,,,,,,,,,,,,,,,,,,,,
35,P,Nate Jones,34,0,0,,,,,,,,,,,,,,,,,,,,,,
36,P,Sonny Gray,30,0,0,,,,,,,,,,,,,,,,,,,,,,
37,P,Jose De Leon,27,0,0,,,,,,,,,,,,,,,,,,,,,,
38,P,Sal Romano,26,0,0,,,,,,,,,,,,,,,,,,,,,,
39,P,Lucas Sims,26,0,0,,,,,,,,,,,,,,,,,,,,,,
40,P,Pedro Strop,35,0,0,,,,,,,,,,,,,,,,,,,,,,
41,P,Trevor Bauer,29,0,0,,,,,,,,,,,,,,,,,,,,,,
42,P,Tejay Antone,26,0,0,,,,,,,,,,,,,,,,,,,,,,
43,P,Tyler Mahle,25,0,0,,,,,,,,,,,,,,,,,,,,,,
1,C,Omar Narvaez,28,40,126,108,8,19,4,0,2,10,0,0,16,39,.176,.294,.269,.562,53,29,1,2,0,0,0
2,1B,Justin Smoak,33,33,126,113,14,21,7,0,5,15,0,0,10,40,.186,.262,.381,.642,70,43,3,2,0,1,0
3,2B,Keston Hiura,23,59,246,217,30,46,4,0,13,32,3,2,16,85,.212,.297,.410,.707,88,89,7,11,0,2,2
4,SS,Orlando Arcia,25,59,189,173,22,45,10,1,5,20,2,0,14,32,.260,.317,.416,.734,96,72,10,1,0,1,0
5,3B,Eric Sogard,34,43,128,115,10,24,5,0,1,10,0,0,11,20,.209,.281,.278,.560,52,32,1,1,0,1,0
6,LF,Christian Yelich,28,58,247,200,39,41,7,1,12,22,4,2,46,76,.205,.356,.430,.786,111,86,4,1,0,0,2
7,CF,Avisail Garcia,29,53,207,181,20,43,10,0,2,15,1,3,20,49,.238,.333,.326,.659,79,59,2,6,0,0,2
8,RF,Ben Gamel,28,40,127,114,13,27,8,1,3,10,0,2,13,39,.237,.315,.404,.718,92,46,4,0,0,0,0
9,DH,Ryan Braun,36,39,141,129,14,30,7,1,8,26,1,0,7,27,.233,.281,.488,.769,101,63,6,2,0,1,0
10,1B,Jedd Gyorko,31,42,135,117,19,29,3,0,9,17,0,0,15,38,.248,.333,.504,.838,121,59,4,1,0,2,1
11,3B,Luis Urias,23,41,120,109,11,26,4,1,0,11,2,2,10,32,.239,.308,.294,.602,64,32,4,1,0,0,0
12,DH,Daniel Vogelbach,27,19,67,58,13,19,2,0,4,12,0,0,8,18,.328,.418,.569,.987,162,33,2,1,0,0,0
13,UT,Jace Peterson,30,26,61,45,6,9,1,0,2,5,1,0,15,20,.200,.393,.356,.749,105,16,0,0,0,1,0
14,C,Jacob Nottingham,25,20,54,48,8,9,1,0,4,13,0,0,5,20,.188,.278,.458,.736,93,22,1,1,0,0,0
15,C,Manny Pina,33,15,45,39,4,9,1,0,2,5,0,0,3,11,.231,.333,.410,.744,99,16,0,3,0,0,0
16,OF,Tyrone Taylor,26,22,41,38,6,9,4,0,2,6,0,0,2,8,.237,.293,.500,.793,108,19,1,1,0,0,0
17,UT,Mark Mathias,25,16,36,36,2,10,3,0,0,4,1,0,0,7,.278,.278,.361,.639,70,13,0,0,0,0,0
18,UT,Brock Holt,32,16,36,30,1,3,0,0,0,1,0,0,4,9,.100,.222,.100,.322,-8,3,2,1,0,1,0
19,DH,Logan Morrison,32,9,28,25,3,3,1,0,1,2,0,0,3,8,.120,.214,.280,.494,32,7,0,0,0,0,0
20,CF,Lorenzo Cain,34,5,21,18,4,6,1,0,0,2,0,0,3,2,.333,.429,.389,.817,123,7,1,0,0,0,1
21,DH,Ryon Healy,28,4,7,7,0,1,0,0,0,0,0,0,0,2,.143,.143,.143,.286,-22,1,0,0,0,0,0
22,P,Corey Knebel,28,0,0,,,,,,,,,,,,,,,,,,,,,,
23,P,Justin Grimm,31,0,0,,,,,,,,,,,,,,,,,,,,,,
24,P,Josh Hader,26,1,0,0,0,0,0,0,0,0,0,0,0,0,,,,,,0,0,0,0,0,0
25,P,Adrian Houser,27,0,0,,,,,,,,,,,,,,,,,,,,,,
26,P,Drew Rasmussen,24,0,0,,,,,,,,,,,,,,,,,,,,,,
27,P,Alex Claudio,28,0,0,,,,,,,,,,,,,,,,,,,,,,
28,P,Phil Bickford,24,0,0,,,,,,,,,,,,,,,,,,,,,,
29,P,Eric Yardley,29,0,0,,,,,,,,,,,,,,,,,,,,,,
30,P,Corbin Burnes,25,0,0,,,,,,,,,,,,,,,,,,,,,,
31,P,Brent Suter,30,0,0,,,,,,,,,,,,,,,,,,,,,,
32,P,Bobby Wahl,28,0,0,,,,,,,,,,,,,,,,,,,,,,
33,P,Devin Williams,25,0,0,,,,,,,,,,,,,,,,,,,,,,
34,P,David Phelps,33,1,0,0,0,0,0,0,0,0,0,0,0,0,,,,,,0,0,0,0,0,0
35,P,Brandon Woodruff,27,0,0,,,,,,,,,,,,,,,,,,,,,,
36,P,Justin Topa,29,0,0,,,,,,,,,,,,,,,,,,,,,,
37,P,J.P. Feyereisen,27,0,0,,,,,,,,,,,,,,,,,,,,,,
38,P,Freddy Peralta,24,0,0,,,,,,,,,,,,,,,,,,,,,,
39,P,Angel Perdomo,26,0,0,,,,,,,,,,,,,,,,,,,,,,
40,P,Eric Lauer,25,0,0,,,,,,,,,,,,,,,,,,,,,,
41,P,Ray Black,30,0,0,,,,,,,,,,,,,,,,,,,,,,
42,P,Brett Anderson,32,0,0,,,,,,,,,,,,,,,,,,,,,,
43,P,Josh Lindblom,33,0,0,,,,,,,,,,,,,,,,,,,,,,
1,C,Jacob Stallings,30,42,143,125,13,31,7,0,3,18,0,0,15,40,.248,.326,.376,.702,92,47,2,0,2,1,0
2,1B,Josh Bell,27,57,223,195,22,44,3,0,8,22,0,0,22,59,.226,.305,.364,.669,83,71,3,2,0,4,4
3,2B,Adam Frazier,28,58,230,209,22,48,7,0,7,23,1,3,17,35,.230,.297,.364,.661,80,76,3,3,1,0,0
4,SS,Erik Gonzalez,28,50,193,181,14,41,13,1,3,20,2,3,8,51,.227,.255,.359,.614,66,65,5,0,1,3,0
5,3B,Ke'Bryan Hayes,23,24,95,85,17,32,7,2,5,11,1,0,9,20,.376,.442,.682,1.124,202,58,2,1,0,0,2
6,LF,Bryan Reynolds,25,55,208,185,24,35,6,2,7,19,1,1,21,57,.189,.275,.357,.632,72,66,2,1,0,0,0
7,CF,Cole Tucker,23,37,116,109,17,24,3,0,1,8,1,0,5,31,.220,.252,.275,.527,45,30,3,0,1,1,0
8,RF,Gregory Polanco,28,50,174,157,12,24,6,0,7,22,3,1,13,65,.153,.214,.325,.539,45,51,1,0,0,3,0
9,DH,Colin Moran,27,52,200,178,28,44,10,0,10,23,0,0,19,52,.247,.325,.472,.797,115,84,9,2,0,1,0
10,MI,Kevin Newman,26,44,172,156,12,35,5,0,1,10,0,1,12,21,.224,.281,.276,.556,54,43,1,1,1,2,0
11,UT,Jose Osuna,27,26,82,78,6,16,3,0,4,11,0,1,4,16,.205,.244,.397,.641,72,31,1,0,0,0,0
12,UT,JT Riddle,28,23,69,67,8,10,2,0,1,1,1,0,2,13,.149,.174,.224,.398,8,15,0,0,0,0,0
13,C,John Ryan Murphy,29,25,63,58,6,10,2,0,0,2,0,0,4,28,.172,.226,.207,.433,20,12,1,0,1,0,0
14,CF,Jarrod Dyson,35,21,55,51,6,8,0,0,0,5,4,0,4,10,.157,.218,.157,.375,6,8,0,0,0,0,0
15,UT,Phillip Evans,27,11,45,39,6,14,2,0,1,9,0,1,5,7,.359,.444,.487,.932,156,19,1,1,0,0,0
16,OF,Guillermo Heredia,29,8,18,16,2,3,0,0,0,2,1,0,2,4,.188,.278,.188,.465,32,3,0,0,0,0,0
17,OF,Jared Oliva,24,6,16,16,0,3,0,0,0,0,1,0,0,6,.188,.188,.188,.375,4,3,0,0,0,0,0
18,OF,Anthony Alford,25,5,13,12,2,3,0,1,1,4,0,0,1,1,.250,.308,.667,.974,156,8,0,0,0,0,0
19,OF,Jason Martin,24,7,11,9,2,0,0,0,0,0,0,0,2,4,.000,.182,.000,.182,-43,0,0,0,0,0,0
20,1B,Will Craig,25,2,4,4,0,0,0,0,0,0,0,0,0,1,.000,.000,.000,.000,-100,0,0,0,0,0,0
21,C,Andrew Susac,30,1,4,2,0,0,0,0,0,0,0,0,2,0,.000,.500,.000,.500,56,0,0,0,0,0,0
22,P,Mitch Keller,24,0,0,,,,,,,,,,,,,,,,,,,,,,
23,P,Nick Tropeano,29,0,0,,,,,,,,,,,,,,,,,,,,,,
24,P,Steven Brault,28,0,0,,,,,,,,,,,,,,,,,,,,,,
25,P,Cody Ponce,26,0,0,,,,,,,,,,,,,,,,,,,,,,
26,P,Sam Howard,27,0,0,,,,,,,,,,,,,,,,,,,,,,
27,P,JT Brubaker,26,0,0,,,,,,,,,,,,,,,,,,,,,,
28,P,Clay Holmes,27,0,0,,,,,,,,,,,,,,,,,,,,,,
29,P,Richard Rodriguez,30,0,0,,,,,,,,,,,,,,,,,,,,,,
30,P,Joe Musgrove,27,0,0,,,,,,,,,,,,,,,,,,,,,,
31,P,Geoff Hartlieb,26,0,0,,,,,,,,,,,,,,,,,,,,,,
32,P,Tyler Bashlor,27,0,0,,,,,,,,,,,,,,,,,,,,,,
33,P,Kyle Crick,27,0,0,,,,,,,,,,,,,,,,,,,,,,
34,P,Keone Kela,27,0,0,,,,,,,,,,,,,,,,,,,,,,
35,P,Nik Turley,30,0,0,,,,,,,,,,,,,,,,,,,,,,
36,P,Derek Holland,33,0,0,,,,,,,,,,,,,,,,,,,,,,
37,P,Miguel Del Pozo,27,0,0,,,,,,,,,,,,,,,,,,,,,,
38,P,Blake Cederlind,24,0,0,,,,,,,,,,,,,,,,,,,,,,
39,P,Dovydas Neverauskas,27,0,0,,,,,,,,,,,,,,,,,,,,,,
40,P,Chris Stratton,29,0,0,,,,,,,,,,,,,,,,,,,,,,
41,P,Austin Davis,27,0,0,,,,,,,,,,,,,,,,,,,,,,
42,P,Nick Burdi,27,0,0,0,0,0,0,0,0,0,0,0,0,0,,,,,,0,0,0,0,0,0
43,P,Robbie Erlin,29,0,0,,,,,,,,,,,,,,,,,,,,,,
44,P,Brandon Waddell,26,0,0,,,,,,,,,,,,,,,,,,,,,,
45,P,Trevor Williams,28,0,0,,,,,,,,,,,,,,,,,,,,,,
46,P,Michael Feliz,27,0,0,,,,,,,,,,,,,,,,,,,,,,
47,P,Chad Kuhl,27,0,0,,,,,,,,,,,,,,,,,,,,,,
48,P,Yacksel Rios,27,0,0,,,,,,,,,,,,,,,,,,,,,,
49,P,Nick Mears,23,0,0,,,,,,,,,,,,,,,,,,,,,,
1,C,Will Smith,25,37,137,114,23,33,9,0,8,25,0,0,20,22,.289,.401,.579,.980,164,66,2,2,0,1,1
2,1B,Max Muncy,29,58,248,203,36,39,4,0,12,27,1,0,39,60,.192,.331,.389,.720,97,79,3,4,0,2,2
3,2B,Enrique Hernandez,28,48,148,139,20,32,8,1,5,20,0,1,6,31,.230,.270,.410,.680,83,57,5,2,0,1,0
4,SS,Corey Seager,26,52,232,212,38,65,12,1,15,41,1,0,17,37,.307,.358,.585,.943,152,124,8,1,0,2,0
5,3B,Justin Turner,35,42,175,150,26,46,9,1,4,23,1,0,18,26,.307,.400,.460,.860,135,69,2,6,0,1,0
6,LF,AJ Pollock,32,55,210,196,30,54,9,0,16,34,2,2,12,45,.276,.314,.566,.881,134,111,6,0,0,2,1
7,CF,Cody Bellinger,24,56,243,213,33,51,10,0,12,30,6,1,30,42,.239,.333,.455,.789,113,97,4,0,0,0,2
8,RF,Mookie Betts,27,55,246,219,47,64,9,1,16,39,10,2,24,38,.292,.366,.562,.927,149,123,2,2,0,1,1
9,DH,Joc Pederson,28,43,138,121,21,23,4,0,7,16,1,0,11,34,.190,.285,.397,.681,84,48,5,5,0,0,0
10,UT,Chris Taylor,29,56,214,185,30,50,10,2,8,32,3,2,26,55,.270,.366,.476,.842,128,88,3,2,1,0,0
11,C,Austin Barnes,30,29,104,86,14,21,3,0,1,9,3,0,13,24,.244,.353,.314,.667,85,27,0,2,2,1,0
12,3B,Edwin Rios,26,32,83,76,13,19,6,0,8,17,0,0,4,18,.250,.301,.645,.946,149,49,2,2,0,1,0
13,2B,Gavin Lux,22,19,69,63,8,11,2,0,3,8,1,0,6,19,.175,.246,.349,.596,61,22,0,0,0,0,0
14,UT,Matt Beaty,27,21,54,50,8,11,1,0,2,5,0,0,2,14,.220,.278,.360,.638,73,18,3,2,0,0,0
15,C,Keibert Ruiz,21,2,8,8,1,2,0,0,1,1,0,0,0,3,.250,.250,.625,.875,128,5,0,0,0,0,0
16,UT,Zach McKinstry,25,4,7,7,1,2,1,0,0,0,0,0,0,3,.286,.286,.429,.714,92,3,1,0,0,0,0
17,DH,Terrance Gore,29,2,0,0,0,0,0,0,0,0,0,0,0,0,,,,,,0,0,0,0,0,0
18,P,Dustin May,22,0,0,,,,,,,,,,,,,,,,,,,,,,
19,P,Scott Alexander,30,0,0,,,,,,,,,,,,,,,,,,,,,,
20,P,Julio Urias,23,0,0,,,,,,,,,,,,,,,,,,,,,,
21,P,Jake McGee,33,0,0,,,,,,,,,,,,,,,,,,,,,,
22,P,Dennis Santana,24,0,0,,,,,,,,,,,,,,,,,,,,,,
23,P,Victor Gonzalez,24,0,0,,,,,,,,,,,,,,,,,,,,,,
24,P,Walker Buehler,25,0,0,,,,,,,,,,,,,,,,,,,,,,
25,P,Blake Treinen,32,0,0,,,,,,,,,,,,,,,,,,,,,,
26,P,Joe Kelly,32,0,0,,,,,,,,,,,,,,,,,,,,,,
27,P,Kenley Jansen,32,0,0,,,,,,,,,,,,,,,,,,,,,,
28,P,Caleb Ferguson,23,0,0,,,,,,,,,,,,,,,,,,,,,,
29,P,Adam Kolarek,31,1,0,0,0,0,0,0,0,0,0,0,0,0,,,,,,0,0,0,0,0,0
30,P,Clayton Kershaw,32,0,0,,,,,,,,,,,,,,,,,,,,,,
31,P,Pedro Baez,32,0,0,,,,,,,,,,,,,,,,,,,,,,
32,P,Mitch White,25,0,0,,,,,,,,,,,,,,,,,,,,,,
33,P,Tony Gonsolin,26,1,0,0,0,0,0,0,0,0,0,0,0,0,,,,,,0,0,0,0,0,0
34,P,Alex Wood,29,0,0,,,,,,,,,,,,,,,,,,,,,,
35,P,Brusdar Graterol,21,0,0,,,,,,,,,,,,,,,,,,,,,,
36,P,Dylan Floro,29,0,0,,,,,,,,,,,,,,,,,,,,,,
37,P,Ross Stripling,30,0,0,,,,,,,,,,,,,,,,,,,,,,
38,P,Josh Sborz,26,0,0,,,,,,,,,,,,,,,,,,,,,,
1,C,Austin Hedges,27,29,71,57,7,9,1,0,3,6,1,1,6,18,.158,.258,.333,.591,63,19,3,2,5,1,0
2,1B,Eric Hosmer,30,38,156,143,23,41,6,0,9,36,4,0,9,28,.287,.333,.517,.851,131,74,3,2,0,2,0
3,2B,Jake Cronenworth,26,54,192,172,26,49,15,3,4,20,3,1,18,30,.285,.354,.477,.831,128,82,4,1,0,1,0
4,SS,Fernando Tatis Jr.,21,59,257,224,50,62,11,2,17,45,11,3,27,61,.277,.366,.571,.937,155,128,6,5,0,1,1
5,3B,Manny Machado,27,60,254,224,44,68,12,1,16,47,6,3,26,37,.304,.370,.580,.950,158,130,9,0,0,4,4
6,LF,Jurickson Profar,27,56,202,180,28,50,6,0,7,25,7,1,15,28,.278,.343,.428,.771,113,77,1,4,1,2,0
7,CF,Trent Grisham,23,59,252,215,42,54,8,3,10,26,10,1,31,64,.251,.352,.456,.808,122,98,1,3,1,1,0
8,RF,Wil Myers,29,55,218,198,34,57,14,2,15,40,2,1,18,56,.288,.353,.606,.959,159,120,0,2,0,0,0
9,DH,Tommy Pham,32,31,125,109,13,23,2,0,3,12,6,0,15,27,.211,.312,.312,.624,74,34,2,1,0,0,0
10,C,Austin Nola,30,19,74,63,9,14,4,0,2,9,0,0,9,17,.222,.324,.381,.705,95,24,2,1,0,1,0
11,1B,Mitch Moreland,34,20,73,69,8,14,5,0,2,8,0,0,4,14,.203,.247,.362,.609,66,25,0,0,0,0,1
12,IF,Greg Garcia,30,35,71,60,6,12,3,0,0,11,1,0,7,18,.200,.279,.250,.529,49,15,0,0,3,1,0
13,CI,Ty France,25,20,61,55,9,17,4,0,2,10,0,0,5,15,.309,.377,.491,.868,139,27,1,1,0,0,0
14,C,Francisco Mejia,24,17,42,39,5,3,1,0,1,2,0,0,1,9,.077,.143,.179,.322,-11,7,1,2,0,0,0
15,UT,Josh Naylor,23,18,38,36,4,10,0,1,1,4,1,0,1,4,.278,.316,.417,.732,101,15,2,1,0,0,0
16,OF,Edward Olivares,24,13,36,34,4,6,1,0,1,3,0,1,2,14,.176,.222,.294,.516,42,10,0,0,0,0,0
17,C,Jason Castro,33,9,30,28,3,5,5,0,0,3,0,0,2,10,.179,.233,.357,.590,61,10,1,0,0,0,0
18,UT,Jorge Mateo,25,22,28,26,4,4,3,0,0,2,1,0,1,11,.154,.185,.269,.454,24,7,1,0,1,0,0
19,DH,Jorge Oña,23,5,15,12,3,3,1,0,1,2,0,0,2,7,.250,.400,.583,.983,168,7,0,1,0,0,0
20,OF,Abraham Almonte,31,7,13,11,0,1,0,0,0,0,1,1,2,4,.091,.231,.091,.322,-5,1,0,0,0,0,0
21,C,Luis Torrens,24,7,13,11,0,3,1,0,0,0,0,0,1,2,.273,.333,.364,.697,94,4,0,0,1,0,0
22,DH,Luis Campusano,21,1,4,3,2,1,0,0,1,1,0,0,0,2,.333,.500,1.333,1.833,383,4,0,1,0,0,0
23,OF,Greg Allen,27,1,4,1,1,0,0,0,0,0,1,0,2,1,.000,.750,.000,.750,136,0,0,1,0,0,0
24,P,Tim Hill,30,1,1,1,0,0,0,0,0,0,0,0,0,1,.000,.000,.000,.000,-100,0,0,0,0,0,0
25,P,Austin Adams,29,1,1,1,0,0,0,0,0,0,0,0,0,1,.000,.000,.000,.000,-100,0,0,0,0,0,0
26,P,Michel Báez,24,0,0,,,,,,,,,,,,,,,,,,,,,,
27,P,Trevor Rosenthal,30,1,0,0,0,0,0,0,0,0,0,0,0,0,,,,,,0,0,0,0,0,0
28,P,Taylor Williams,28,0,0,,,,,,,,,,,,,,,,,,,,,,
29,P,Drew Pomeranz,31,0,0,,,,,,,,,,,,,,,,,,,,,,
30,P,Dan Altavilla,27,0,0,,,,,,,,,,,,,,,,,,,,,,
31,P,Chris Paddack,24,0,0,,,,,,,,,,,,,,,,,,,,,,
32,P,Pierce Johnson,29,0,0,,,,,,,,,,,,,,,,,,,,,,
33,P,Adrián Morejón,21,0,0,,,,,,,,,,,,,,,,,,,,,,
34,P,Luis Patino,20,0,0,,,,,,,,,,,,,,,,,,,,,,
35,P,Emilio Pagan,29,1,0,0,0,0,0,0,0,0,0,0,0,0,,,,,,0,0,0,0,0,0
36,P,Matt Strahm,28,1,0,0,0,0,0,0,0,0,0,0,0,0,,,,,,0,0,0,0,0,0
37,P,Luis Perdomo,27,0,0,,,,,,,,,,,,,,,,,,,,,,
38,P,Kirby Yates,33,0,0,,,,,,,,,,,,,,,,,,,,,,
39,P,Cal Quantrill,25,0,0,,,,,,,,,,,,,,,,,,,,,,
40,P,Joey Lucchesi,27,0,0,,,,,,,,,,,,,,,,,,,,,,
41,P,Dinelson Lamet,27,0,0,,,,,,,,,,,,,,,,,,,,,,
42,P,Craig Stammen,36,0,0,,,,,,,,,,,,,,,,,,,,,,
43,P,Zach Davies,27,0,0,,,,,,,,,,,,,,,,,,,,,,
44,P,Mike Clevinger,29,0,0,,,,,,,,,,,,,,,,,,,,,,
45,P,Javy Guerra,24,0,0,,,,,,,,,,,,,,,,,,,,,,
46,P,Garrett Richards,32,0,0,,,,,,,,,,,,,,,,,,,,,,
47,P,David Bednar,25,0,0,,,,,,,,,,,,,,,,,,,,,,
1,C,Joey Bart,23,33,111,103,15,24,5,2,0,7,0,0,3,41,.233,.288,.320,.609,69,33,1,5,0,0,0
2,1B,Brandon Belt,32,51,179,149,25,46,13,1,9,30,0,0,30,36,.309,.425,.591,1.015,178,88,5,0,0,0,1
3,2B,Donovan Solano,32,54,203,190,22,62,15,1,3,29,0,0,10,39,.326,.365,.463,.828,128,88,2,2,0,1,0
4,SS,Brandon Crawford,33,54,193,172,26,44,12,0,8,28,1,2,15,47,.256,.326,.465,.792,116,80,3,4,0,2,2
5,3B,Evan Longoria,34,53,209,193,26,49,10,1,7,28,0,1,11,39,.254,.297,.425,.722,97,82,10,2,0,3,0
6,LF,Alex Dickerson,30,52,170,151,28,45,10,1,10,27,0,0,16,30,.298,.371,.576,.947,157,87,5,2,0,1,2
7,CF,Mauricio Dubon,25,54,177,157,21,43,4,1,4,19,2,3,15,36,.274,.337,.389,.726,101,61,4,1,1,2,0
8,RF,Mike Yastrzemski,29,54,225,192,39,57,14,4,10,35,2,1,30,55,.297,.400,.568,.968,165,109,2,3,0,0,2
9,DH,Wilmer Flores,28,55,213,198,30,53,11,1,12,32,1,0,13,36,.268,.315,.515,.830,125,102,5,1,0,1,1
10,DH,Austin Slater,27,31,104,85,18,24,2,1,5,7,8,1,16,22,.282,.408,.506,.914,152,43,2,2,1,0,0
11,UT,Darin Ruf,33,40,100,87,11,24,6,0,5,18,1,0,13,23,.276,.370,.517,.887,143,45,1,0,0,0,0
12,DH,Pablo Sandoval,33,33,90,82,5,18,1,0,1,6,0,0,6,18,.220,.278,.268,.546,53,22,3,1,0,1,0
13,C,Chadwick Tromp,25,24,64,61,11,13,1,0,4,10,0,0,1,20,.213,.219,.426,.645,73,26,3,0,0,2,0
14,OF,Hunter Pence,37,17,56,52,4,5,0,1,2,6,0,0,3,15,.096,.161,.250,.411,12,13,3,1,0,0,0
15,C,Tyler Heineman,29,15,50,42,3,8,1,0,0,1,1,0,4,6,.190,.292,.214,.506,44,9,0,2,2,0,0
16,OF,Steven Duggar,26,21,36,34,3,6,2,0,0,3,1,0,1,11,.176,.222,.235,.458,27,8,1,1,0,0,0
17,UT,Daniel Robertson,26,13,24,21,4,7,0,0,0,2,0,0,3,6,.333,.417,.333,.750,113,7,0,0,0,0,0
18,OF,Luis Alexander Basabe,23,9,18,14,5,2,0,0,0,1,2,0,4,5,.143,.333,.143,.476,40,2,0,0,0,0,0
19,RF,Jaylin Davis,25,4,12,12,2,2,0,0,1,1,0,0,0,6,.167,.167,.417,.583,54,5,0,0,0,0,0
20,OF,Joe McCarthy,26,4,10,10,0,0,0,0,0,0,0,0,0,5,.000,.000,.000,.000,-100,0,0,0,0,0,0
21,DH,Justin Smoak,33,3,6,6,0,0,0,0,0,0,0,0,0,2,.000,.000,.000,.000,-100,0,1,0,0,0,0
22,RF,Joey Rickard,29,4,6,5,1,0,0,0,0,0,0,0,1,1,.000,.167,.000,.167,-47,0,0,0,0,0,0
23,C,Rob Brantly,30,1,3,3,0,0,0,0,0,0,0,0,0,0,.000,.000,.000,.000,-100,0,0,0,0,0,0
24,P,Sam Coonrod,27,0,0,,,,,,,,,,,,,,,,,,,,,,
25,P,Tony Watson,35,0,0,,,,,,,,,,,,,,,,,,,,,,
26,P,Rico Garcia,26,0,0,,,,,,,,,,,,,,,,,,,,,,
27,P,Johnny Cueto,34,0,0,,,,,,,,,,,,,,,,,,,,,,
28,P,Wandy Peralta,28,0,0,,,,,,,,,,,,,,,,,,,,,,
29,P,Drew Smyly,31,0,0,,,,,,,,,,,,,,,,,,,,,,
30,P,Trevor Gott,27,0,0,,,,,,,,,,,,,,,,,,,,,,
31,P,Jarlin Garcia,27,0,0,,,,,,,,,,,,,,,,,,,,,,
32,P,Jeff Samardzija,35,0,0,,,,,,,,,,,,,,,,,,,,,,
33,P,Kevin Gausman,29,0,0,,,,,,,,,,,,,,,,,,,,,,
34,P,Andrew Triggs,31,0,0,,,,,,,,,,,,,,,,,,,,,,
35,P,Dany Jimenez,26,0,0,,,,,,,,,,,,,,,,,,,,,,
36,P,Conner Menez,25,0,0,,,,,,,,,,,,,,,,,,,,,,
37,P,Tyler Anderson,30,0,0,,,,,,,,,,,,,,,,,,,,,,
38,P,Andrew Suarez,27,0,0,,,,,,,,,,,,,,,,,,,,,,
39,P,Tyler Rogers,29,0,0,,,,,,,,,,,,,,,,,,,,,,
40,P,Logan Webb,23,0,0,,,,,,,,,,,,,,,,,,,,,,
41,P,Caleb Baragar,26,0,0,,,,,,,,,,,,,,,,,,,,,,
42,P,Trevor Cahill,32,0,0,,,,,,,,,,,,,,,,,,,,,,
43,P,Dereck Rodriguez,28,0,0,,,,,,,,,,,,,,,,,,,,,,
44,P,Sam Selman,29,0,0,,,,,,,,,,,,,,,,,,,,,,
45,P,Shaun Anderson,25,0,0,,,,,,,,,,,,,,,,,,,,,,
1,C,Tony Wolters,28,42,109,100,10,23,4,0,0,8,0,0,6,30,.230,.280,.270,.550,41,27,1,1,2,0,0
2,1B,Daniel Murphy,35,40,132,123,10,29,3,0,3,16,0,0,7,21,.236,.275,.333,.608,54,41,3,0,0,1,2
3,2B,Ryan McMahon,25,52,193,172,23,37,6,1,9,26,0,1,18,66,.215,.295,.419,.714,79,72,4,2,0,1,0
4,SS,Trevor Story,27,59,259,235,41,68,13,4,11,28,15,3,24,63,.289,.355,.519,.874,118,122,5,0,0,0,1
5,3B,Nolan Arenado,29,48,201,182,23,46,9,0,8,26,0,0,15,20,.253,.303,.434,.738,84,79,7,0,0,4,3
6,LF,Raimel Tapia,26,51,206,184,26,59,8,2,1,17,8,2,14,38,.321,.369,.402,.772,96,74,3,2,1,3,0
7,CF,Kevin Pillar,31,24,97,91,14,28,5,1,2,13,4,1,5,18,.308,.351,.451,.801,102,41,0,1,0,0,1
8,RF,Charlie Blackmon,33,59,247,221,31,67,12,1,6,42,2,1,19,44,.303,.356,.448,.804,103,99,4,2,0,5,4
9,DH,Matt Kemp,35,43,132,117,18,28,3,0,6,21,1,0,15,41,.239,.326,.419,.745,88,49,5,0,0,0,1
10,UT,Garrett Hampson,25,53,184,167,25,39,4,3,5,11,6,1,13,60,.234,.287,.383,.671,68,64,1,0,3,1,0
11,OF,Sam Hilliard,26,36,114,105,13,22,2,2,6,10,3,0,9,42,.210,.272,.438,.710,76,46,0,0,0,0,0
12,1B,Josh Fuentes,27,30,103,98,14,30,7,0,2,17,1,0,2,29,.306,.320,.439,.759,90,43,1,1,0,2,0
13,CF,David Dahl,26,24,99,93,9,17,2,2,0,9,1,0,4,28,.183,.222,.247,.470,19,23,0,1,0,1,0
14,C,Elias Diaz,29,26,73,68,4,16,2,0,2,9,0,0,5,15,.235,.288,.353,.641,62,24,4,0,0,0,0
15,UT,Chris Owings,28,17,44,41,9,11,1,0,2,5,1,0,3,11,.268,.318,.439,.757,90,18,0,0,0,0,0
16,C,Drew Butera,36,28,43,39,4,6,2,0,0,4,0,0,2,11,.154,.190,.205,.396,1,8,3,0,1,1,0
17,2B,Brendan Rodgers,23,7,21,21,1,2,1,0,0,2,0,0,0,6,.095,.095,.143,.238,-41,3,0,0,0,0,0
18,P,Antonio Senzatela,25,0,0,,,,,,,,,,,,,,,,,,,,,,
19,P,Tyler Kinley,29,0,0,,,,,,,,,,,,,,,,,,,,,,
20,P,AJ Ramos,33,0,0,,,,,,,,,,,,,,,,,,,,,,
21,P,Ryan Castellani,24,0,0,,,,,,,,,,,,,,,,,,,,,,
22,P,James Pazos,29,0,0,,,,,,,,,,,,,,,,,,,,,,
23,P,Joe Harvey,28,0,0,,,,,,,,,,,,,,,,,,,,,,
24,P,Jesus Tinoco,25,0,0,,,,,,,,,,,,,,,,,,,,,,
25,P,Antonio Santos,23,0,0,,,,,,,,,,,,,,,,,,,,,,
26,P,Kyle Freeland,27,0,0,,,,,,,,,,,,,,,,,,,,,,
27,P,Jeff Hoffman,27,0,0,,,,,,,,,,,,,,,,,,,,,,
28,P,Carlos Estevez,27,0,0,,,,,,,,,,,,,,,,,,,,,,
29,P,Jon Gray,28,0,0,,,,,,,,,,,,,,,,,,,,,,
30,P,Tommy Doyle,24,0,0,,,,,,,,,,,,,,,,,,,,,,
31,P,Jose Mujica,24,0,0,,,,,,,,,,,,,,,,,,,,,,
32,P,Ashton Goudeau,27,0,0,,,,,,,,,,,,,,,,,,,,,,
33,P,Daniel Bard,35,0,0,,,,,,,,,,,,,,,,,,,,,,
34,P,Mychal Givens,30,0,0,,,,,,,,,,,,,,,,,,,,,,
35,P,Yency Almonte,26,0,0,,,,,,,,,,,,,,,,,,,,,,
36,P,German Marquez,25,0,0,,,,,,,,,,,,,,,,,,,,,,
37,P,Jairo Diaz,29,0,0,,,,,,,,,,,,,,,,,,,,,,
38,P,Chi Chi Gonzalez,28,0,0,,,,,,,,,,,,,,,,,,,,,,
39,P,Wade Davis,34,0,0,,,,,,,,,,,,,,,,,,,,,,
40,P,Phillip Diehl,25,0,0,,,,,,,,,,,,,,,,,,,,,,
1,C,Carson Kelly,25,39,129,122,11,27,5,0,5,19,0,0,6,29,.221,.264,.385,.649,71,47,4,1,0,0,0
2,1B,Christian Walker,29,57,243,218,35,59,18,1,7,34,1,1,19,50,.271,.333,.459,.792,110,100,6,3,0,3,0
3,2B,Ketel Marte,26,45,195,181,19,52,14,1,2,17,1,0,7,21,.287,.323,.409,.732,95,74,2,4,0,3,0
4,SS,Nick Ahmed,30,57,217,199,29,53,10,1,5,29,4,0,18,46,.266,.327,.402,.729,94,80,3,0,0,0,0
5,3B,Eduardo Escobar,31,54,222,203,22,43,7,3,4,20,1,0,15,41,.212,.270,.335,.605,61,68,5,2,0,2,4
6,LF,David Peralta,32,54,218,203,19,61,10,1,5,34,1,0,13,45,.300,.339,.433,.773,106,88,4,0,0,2,0
7,CF,Starling Marte,31,33,138,122,23,38,8,1,2,14,5,2,10,19,.311,.384,.443,.827,121,54,3,5,0,1,1
8,RF,Kole Calhoun,32,54,228,190,35,43,9,0,16,40,1,1,28,50,.226,.338,.526,.864,127,100,6,6,0,4,0
9,DH,Daulton Varsho,23,37,115,101,16,19,5,2,3,9,3,1,12,33,.188,.287,.366,.653,74,37,1,2,0,0,0
10,OF,Tim Locastro,27,33,82,69,15,20,4,1,2,7,4,0,8,14,.290,.395,.464,.859,130,32,0,4,1,0,0
11,C,Stephen Vogt,35,26,81,72,6,12,5,0,1,7,0,0,8,18,.167,.247,.278,.525,41,20,1,0,0,1,0
12,UT,Josh Rojas,26,17,70,61,9,11,0,0,0,2,1,1,7,16,.180,.257,.180,.437,21,11,1,0,0,2,0
13,OF,Jon Jay,35,18,57,50,5,8,1,0,1,4,0,0,3,12,.160,.211,.240,.451,21,12,0,1,0,3,0
14,CI,Jake Lamb,29,18,50,43,2,5,1,0,0,1,0,1,6,17,.116,.240,.140,.380,6,6,0,1,0,0,0
15,UT,Pavin Smith,24,12,44,37,7,10,0,1,1,4,1,0,5,8,.270,.341,.405,.746,99,15,0,0,0,2,0
16,IF,Josh VanMeter,25,12,41,36,6,7,2,0,1,5,0,0,4,8,.194,.293,.333,.626,68,12,0,1,0,0,0
17,UT,Andy Young,26,12,34,26,3,5,2,0,1,4,0,0,5,10,.192,.382,.385,.767,107,10,0,3,0,0,0
18,3B,Wyatt Mathisen,26,9,33,27,5,6,0,0,2,5,0,0,5,12,.222,.364,.444,.808,116,12,0,1,0,0,0
19,IF,Ildemaro Vargas,28,8,21,20,2,3,0,0,0,0,0,0,1,5,.150,.190,.150,.340,-7,3,1,0,0,0,0
20,DH,Kevin Cron,27,8,20,17,0,0,0,0,0,0,0,0,1,7,.000,.150,.000,.150,-54,0,0,2,0,0,0
21,P,Travis Bergen,26,0,0,,,,,,,,,,,,,,,,,,,,,,
22,P,Luke Weaver,26,0,0,,,,,,,,,,,,,,,,,,,,,,
23,P,Joel Payamps,26,0,0,,,,,,,,,,,,,,,,,,,,,,
24,P,Artie Lewicki,28,0,0,,,,,,,,,,,,,,,,,,,,,,
25,P,Andrew Chafin,30,0,0,,,,,,,,,,,,,,,,,,,,,,
26,P,Taylor Widener,25,0,0,,,,,,,,,,,,,,,,,,,,,,
27,P,Madison Bumgarner,30,0,0,,,,,,,,,,,,,,,,,,,,,,
28,P,Junior Guerra,35,0,0,,,,,,,,,,,,,,,,,,,,,,
29,P,Zac Gallen,24,0,0,,,,,,,,,,,,,,,,,,,,,,
30,P,Archie Bradley,27,0,0,,,,,,,,,,,,,,,,,,,,,,
31,P,Joe Mantiply,29,0,0,,,,,,,,,,,,,,,,,,,,,,
32,P,Stefan Crichton,28,0,0,,,,,,,,,,,,,,,,,,,,,,
33,P,Robbie Ray,28,0,0,,,,,,,,,,,,,,,,,,,,,,
34,P,Kevin Ginkel,26,0,0,,,,,,,,,,,,,,,,,,,,,,
35,P,Riley Smith,25,0,0,,,,,,,,,,,,,,,,,,,,,,
36,P,Yoan López,27,0,0,,,,,,,,,,,,,,,,,,,,,,
37,P,Matt Grace,31,0,0,,,,,,,,,,,,,,,,,,,,,,
38,P,Silvino Bracho,27,0,0,,,,,,,,,,,,,,,,,,,,,,
39,P,Keury Mella,26,0,0,,,,,,,,,,,,,,,,,,,,,,
40,P,Caleb Smith,28,0,0,,,,,,,,,,,,,,,,,,,,,,
41,P,Taylor Clarke,27,0,0,,,,,,,,,,,,,,,,,,,,,,
42,P,Hector Rondon,32,0,0,,,,,,,,,,,,,,,,,,,,,,
43,P,Merrill Kelly,31,0,0,,,,,,,,,,,,,,,,,,,,,,
44,P,Alex Young,26,0,0,,,,,,,,,,,,,,,,,,,,,,
45,P,Jeremy Beasley,24,0,0,,,,,,,,,,,,,,,,,,,,,,
1,C,Michael Perez,27,38,93,84,7,14,3,0,1,13,0,0,7,27,.167,.237,.238,.475,34,20,3,1,0,1,0
2,1B,Ji-Man Choi,29,42,145,122,16,28,13,0,3,16,0,0,20,36,.230,.331,.410,.741,106,50,1,0,0,3,2
3,2B,Brandon Lowe,25,56,224,193,36,52,9,2,14,37,3,0,25,58,.269,.362,.554,.916,152,107,2,4,0,2,0
4,SS,Willy Adames,24,54,205,185,29,48,15,1,8,23,2,1,20,74,.259,.332,.481,.813,124,89,4,0,0,0,0
5,3B,Yandy Díaz,28,34,138,114,16,35,3,0,2,11,0,0,23,17,.307,.428,.386,.814,131,44,6,1,0,0,1
6,LF,Austin Meadows,25,36,152,132,19,27,8,1,4,13,2,1,17,50,.205,.296,.371,.667,86,49,0,1,0,2,0
7,CF,Kevin Kiermaier,30,49,159,138,16,30,5,3,3,22,8,1,20,42,.217,.321,.362,.683,91,50,2,1,0,0,1
8,RF,Hunter Renfroe,28,42,139,122,18,19,5,0,8,22,2,0,14,37,.156,.252,.393,.645,77,48,3,2,0,1,0
9,DH,Yoshi Tsutsugo,28,51,185,157,27,31,5,1,8,24,0,0,26,50,.197,.314,.395,.708,97,62,5,1,0,1,1
10,IF,Joey Wendle,30,50,184,168,24,48,9,2,4,17,8,2,10,35,.286,.342,.435,.777,116,73,1,5,0,1,1
11,OF,Manuel Margot,25,47,159,145,19,39,9,0,1,11,12,4,13,25,.269,.327,.352,.679,91,51,0,0,0,1,0
12,UT,Mike Brosseau,26,36,98,86,12,26,5,1,5,12,2,0,8,31,.302,.378,.558,.936,158,48,1,3,0,1,0
13,C,Mike Zunino,29,28,84,75,8,11,4,0,4,10,0,0,6,37,.147,.238,.360,.598,65,27,0,3,0,0,0
14,DH,Jose Martinez,31,24,76,67,10,16,4,0,2,10,0,0,9,20,.239,.329,.388,.717,100,26,5,0,0,0,1
15,1B,Nate Lowe,24,21,76,67,10,15,2,0,4,11,1,0,9,28,.224,.316,.433,.749,107,29,2,0,0,0,2
16,OF,Randy Arozarena,25,23,76,64,15,18,2,0,7,11,4,0,6,22,.281,.382,.641,1.022,179,41,2,5,0,1,0
17,C,Kevan Smith,32,17,38,31,3,8,3,0,1,8,0,0,5,11,.258,.378,.452,.830,132,14,1,1,0,0,0
18,OF,Brett Phillips,26,17,25,20,2,3,0,1,1,3,3,0,5,7,.150,.320,.400,.720,100,8,0,0,0,0,0
19,UT,Brian O'Grady,28,2,5,5,2,2,1,0,0,0,1,0,0,1,.400,.400,.600,1.000,175,3,0,0,0,0,0
20,P,Josh Fleming,24,0,0,,,,,,,,,,,,,,,,,,,,,,
21,P,Trevor Richards,27,0,0,,,,,,,,,,,,,,,,,,,,,,
22,P,Andrew Kittredge,30,0,0,,,,,,,,,,,,,,,,,,,,,,
23,P,Diego Castillo,26,0,0,,,,,,,,,,,,,,,,,,,,,,
24,P,Jalen Beeks,26,0,0,,,,,,,,,,,,,,,,,,,,,,
25,P,Pete Fairbanks,26,0,0,,,,,,,,,,,,,,,,,,,,,,
26,P,Sean Gilmartin,30,0,0,,,,,,,,,,,,,,,,,,,,,,
27,P,Anthony Banda,26,0,0,,,,,,,,,,,,,,,,,,,,,,
28,P,Ryan Thompson,28,0,0,,,,,,,,,,,,,,,,,,,,,,
29,P,John Curtiss,27,0,0,,,,,,,,,,,,,,,,,,,,,,
30,P,Edgar Garcia,23,0,0,,,,,,,,,,,,,,,,,,,,,,
31,P,Cody Reed,27,0,0,,,,,,,,,,,,,,,,,,,,,,
32,P,Aaron Slegers,27,0,0,,,,,,,,,,,,,,,,,,,,,,
33,P,Ryan Sherriff,30,0,0,,,,,,,,,,,,,,,,,,,,,,
34,P,Chaz Roe,33,0,0,,,,,,,,,,,,,,,,,,,,,,
35,P,Aaron Loup,32,0,0,,,,,,,,,,,,,,,,,,,,,,
36,P,Blake Snell,27,0,0,,,,,,,,,,,,,,,,,,,,,,
37,P,Yonny Chirinos,26,0,0,,,,,,,,,,,,,,,,,,,,,,
38,P,Ryan Yarbrough,28,0,0,,,,,,,,,,,,,,,,,,,,,,
39,P,Nick Anderson,29,0,0,,,,,,,,,,,,,,,,,,,,,,
40,P,Jose Alvarado,25,0,0,,,,,,,,,,,,,,,,,,,,,,
41,P,Tyler Glasnow,26,0,0,,,,,,,,,,,,,,,,,,,,,,
42,P,Oliver Drake,33,0,0,,,,,,,,,,,,,,,,,,,,,,
43,P,Charlie Morton,36,0,0,,,,,,,,,,,,,,,,,,,,,,
1,C,Gary Sanchez,27,49,178,156,19,23,4,0,10,24,0,0,18,64,.147,.253,.365,.618,69,57,6,4,0,0,0
2,1B,Luke Voit,29,56,234,213,41,59,5,0,22,52,0,0,17,54,.277,.338,.610,.948,156,130,4,3,0,1,0
3,2B,DJ LeMahieu,31,50,216,195,41,71,10,2,10,27,3,0,18,21,.364,.421,.590,1.011,177,115,3,2,0,1,0
4,SS,Gleyber Torres,23,42,160,136,17,33,8,0,3,16,1,0,22,28,.243,.356,.368,.724,102,50,5,2,0,0,0
5,3B,Gio Urshela,28,43,174,151,24,45,11,0,6,30,1,0,18,25,.298,.368,.490,.858,136,74,6,1,0,4,0
6,LF,Brett Gardner,36,49,158,130,20,29,5,1,5,15,3,3,26,35,.223,.354,.392,.747,108,51,0,1,0,1,0
7,CF,Aaron Hicks,30,54,211,169,28,38,10,2,6,21,4,1,41,38,.225,.379,.414,.793,121,70,4,1,0,0,1
8,RF,Clint Frazier,25,39,160,131,24,35,6,1,8,26,3,0,25,44,.267,.394,.511,.905,149,67,5,3,0,1,0
9,DH,Giancarlo Stanton,30,23,94,76,12,19,7,0,4,11,1,1,15,27,.250,.387,.500,.887,144,38,4,2,0,0,1
10,RF,Aaron Judge,28,28,114,101,23,26,3,0,9,22,0,1,10,32,.257,.336,.554,.891,142,56,5,2,0,0,0
11,OF,Mike Tauchman,29,43,111,95,18,23,6,0,0,14,6,0,14,26,.242,.342,.305,.648,83,29,3,1,0,1,3
12,MI,Tyler Wade,25,52,105,88,19,15,3,0,3,10,4,1,12,22,.170,.288,.307,.595,66,27,1,3,1,1,0
13,1B,Mike Ford,27,29,84,74,5,10,4,0,2,11,0,0,7,16,.135,.226,.270,.496,37,20,4,2,0,1,0
14,UT,Miguel Andujar,25,21,65,62,5,15,2,1,1,5,0,0,3,9,.242,.277,.355,.632,74,22,1,0,0,0,0
15,IF,Thairo Estrada,24,26,52,48,8,8,0,0,1,3,1,0,1,19,.167,.231,.229,.460,29,11,0,3,0,0,0
16,C,Kyle Higashioka,30,16,48,48,7,12,1,0,4,10,0,0,0,11,.250,.250,.521,.771,106,25,0,0,0,0,0
17,UT,Erik Kratz,40,16,30,28,2,9,2,0,0,4,0,0,2,6,.321,.367,.393,.760,112,11,0,0,0,0,0
18,SS,Jordy Mercer,33,6,13,11,1,2,0,0,0,0,0,0,2,1,.182,.308,.182,.490,42,2,0,0,0,0,0
19,CF,Estevan Florial,22,1,3,3,0,1,0,0,0,0,0,0,0,2,.333,.333,.333,.667,87,1,0,0,0,0,0
20,P,David Hale,32,0,0,,,,,,,,,,,,,,,,,,,,,,
21,P,Jordan Montgomery,27,0,0,,,,,,,,,,,,,,,,,,,,,,
22,P,Michael King,25,0,0,0,0,0,0,0,0,0,0,0,0,0,,,,,,0,0,0,0,0,0
23,P,Zack Britton,32,0,0,,,,,,,,,,,,,,,,,,,,,,
24,P,Gerrit Cole,29,0,0,,,,,,,,,,,,,,,,,,,,,,
25,P,Luis Cessa,28,0,0,,,,,,,,,,,,,,,,,,,,,,
26,P,Tommy Kahnle,30,0,0,,,,,,,,,,,,,,,,,,,,,,
27,P,Aroldis Chapman,32,0,0,,,,,,,,,,,,,,,,,,,,,,
28,P,Luis Avilan,30,0,0,,,,,,,,,,,,,,,,,,,,,,
29,P,Albert Abreu,24,0,0,,,,,,,,,,,,,,,,,,,,,,
30,P,Masahiro Tanaka,31,0,0,,,,,,,,,,,,,,,,,,,,,,
31,P,Tyler Lyons,32,0,0,,,,,,,,,,,,,,,,,,,,,,
32,P,Miguel Yajure,22,0,0,,,,,,,,,,,,,,,,,,,,,,
33,P,Ben Heller,28,0,0,,,,,,,,,,,,,,,,,,,,,,
34,P,Jonathan Loaisiga,25,0,0,,,,,,,,,,,,,,,,,,,,,,
35,P,Jonathan Holder,27,1,0,0,1,0,0,0,0,0,0,0,0,0,,,,,,0,0,0,0,0,0
36,P,James Paxton,31,0,0,,,,,,,,,,,,,,,,,,,,,,
37,P,Brooks Kriske,26,0,0,,,,,,,,,,,,,,,,,,,,,,
38,P,Deivi Garcia,21,0,0,,,,,,,,,,,,,,,,,,,,,,
39,P,Clarke Schmidt,24,0,0,,,,,,,,,,,,,,,,,,,,,,
40,P,Nick Nelson,24,0,0,,,,,,,,,,,,,,,,,,,,,,
41,P,Chad Green,29,1,0,0,0,0,0,0,0,0,0,0,0,0,,,,,,0,0,0,0,0,0
42,P,J.A. Happ,37,0,0,,,,,,,,,,,,,,,,,,,,,,
43,P,Adam Ottavino,34,0,0,,,,,,,,,,,,,,,,,,,,,,
1,C,Danny Jansen,25,43,147,120,18,22,3,0,6,20,0,0,21,31,.183,.313,.358,.671,85,43,1,2,3,1,0
2,1B,Vladimir Guerrero Jr.,21,60,243,221,34,58,13,2,9,33,1,0,20,38,.262,.329,.462,.791,115,102,6,2,0,0,1
3,2B,Cavan Biggio,25,59,265,220,41,55,16,0,8,28,6,0,41,61,.250,.375,.432,.807,122,95,2,3,0,0,0
4,SS,Bo Bichette,22,29,128,123,18,37,9,1,5,23,4,1,5,27,.301,.328,.512,.840,127,63,2,0,0,0,1
5,3B,Travis Shaw,30,50,180,163,17,39,10,0,6,17,0,0,16,50,.239,.306,.411,.717,95,67,4,0,0,1,0
6,LF,Lourdes Gurriel Jr.,26,57,224,208,28,64,14,0,11,33,3,1,14,48,.308,.348,.534,.882,138,111,7,0,0,2,0
7,CF,Randal Grichuk,28,55,231,216,38,59,9,0,12,35,1,1,13,49,.273,.312,.481,.793,114,104,5,0,0,2,1
8,RF,Teoscar Hernandez,27,50,207,190,33,55,7,0,16,34,6,1,14,63,.289,.340,.579,.919,146,110,4,1,0,1,0
9,DH,Rowdy Tellez,25,35,127,113,20,32,5,0,8,23,0,1,11,20,.283,.346,.540,.886,139,61,1,1,0,2,1
10,IF,Joe Panik,29,41,141,120,18,27,6,0,1,7,0,0,20,27,.225,.340,.300,.640,79,36,4,1,0,0,0
11,MI,Jonathan Villar,29,22,79,69,3,13,1,0,0,6,7,0,9,22,.188,.278,.203,.481,36,14,0,0,0,1,0
12,SS,Santiago Espinal,25,26,66,60,10,16,4,0,0,6,1,0,4,16,.267,.308,.333,.641,77,20,1,0,1,1,0
13,IF,Brandon Drury,27,21,49,46,3,7,1,0,0,1,0,0,2,9,.152,.184,.174,.358,0,8,0,0,0,1,0
14,C,Reese McGuire,25,19,45,41,2,3,0,0,1,1,0,0,0,11,.073,.073,.146,.220,-42,6,1,0,4,0,0
15,OF,Derek Fisher,26,16,39,31,5,7,2,1,1,7,0,1,7,11,.226,.359,.452,.811,122,14,0,0,0,1,0
16,OF,Jonathan Davis,28,13,34,27,4,7,2,0,1,6,1,0,3,11,.259,.364,.444,.808,121,12,1,2,0,1,0
17,C,Alejandro Kirk,21,9,25,24,4,9,2,0,1,3,0,0,1,4,.375,.400,.583,.983,166,14,0,0,0,0,0
18,OF,Anthony Alford,25,13,16,16,3,3,0,0,1,3,3,0,0,7,.188,.188,.375,.563,49,6,0,0,0,0,0
19,C,Caleb Joseph,34,3,9,8,2,1,0,0,1,2,0,0,1,1,.125,.222,.500,.722,90,4,0,0,0,0,0
20,DH,Daniel Vogelbach,27,2,5,4,0,0,0,0,0,0,0,0,1,2,.000,.200,.000,.200,-37,0,0,0,0,0,0
21,OF,Billy McKinney,25,2,3,3,1,2,0,0,0,0,0,0,0,0,.667,.667,.667,1.333,270,2,0,0,0,0,0
22,P,Sam Gaviglio,30,0,0,,,,,,,,,,,,,,,,,,,,,,
23,P,Chase Anderson,32,0,0,,,,,,,,,,,,,,,,,,,,,,
24,P,Jacob Waguespack,26,0,0,,,,,,,,,,,,,,,,,,,,,,
25,P,Trent Thornton,26,0,0,,,,,,,,,,,,,,,,,,,,,,
26,P,Travis Bergen,26,0,0,,,,,,,,,,,,,,,,,,,,,,
27,P,Anthony Bass,32,0,0,,,,,,,,,,,,,,,,,,,,,,
28,P,Ken Giles,29,0,0,,,,,,,,,,,,,,,,,,,,,,
29,P,Sean Reid-Foley,24,0,0,,,,,,,,,,,,,,,,,,,,,,
30,P,Shun Yamaguchi,32,0,0,,,,,,,,,,,,,,,,,,,,,,
31,P,Nate Pearson,23,0,0,,,,,,,,,,,,,,,,,,,,,,
32,P,Matt Shoemaker,33,0,0,,,,,,,,,,,,,,,,,,,,,,
33,P,Patrick Murphy,25,0,0,,,,,,,,,,,,,,,,,,,,,,
34,P,Hyun Jin Ryu,33,0,0,,,,,,,,,,,,,,,,,,,,,,
35,P,Tanner Roark,33,0,0,,,,,,,,,,,,,,,,,,,,,,
36,P,Wilmer Font,30,0,0,,,,,,,,,,,,,,,,,,,,,,
37,P,T.J. Zeuch,24,0,0,,,,,,,,,,,,,,,,,,,,,,
38,P,Robbie Ray,28,0,0,,,,,,,,,,,,,,,,,,,,,,
39,P,Julian Merryweather,28,0,0,,,,,,,,,,,,,,,,,,,,,,
40,P,Jordan Romano,27,0,0,,,,,,,,,,,,,,,,,,,,,,
41,P,Anthony Kay,25,0,0,,,,,,,,,,,,,,,,,,,,,,
42,P,Rafael Dolis,32,0,0,,,,,,,,,,,,,,,,,,,,,,
43,P,Tom Hatch,25,0,0,,,,,,,,,,,,,,,,,,,,,,
44,P,Hector Perez,24,0,0,,,,,,,,,,,,,,,,,,,,,,
45,P,Taijuan Walker,27,0,0,,,,,,,,,,,,,,,,,,,,,,
46,P,Brian Moran,31,0,0,,,,,,,,,,,,,,,,,,,,,,
47,P,Ryan Borucki,26,0,0,,,,,,,,,,,,,,,,,,,,,,
48,P,A.J. Cole,28,0,0,,,,,,,,,,,,,,,,,,,,,,
49,P,Ross Stripling,30,0,0,,,,,,,,,,,,,,,,,,,,,,
1,C,Pedro Severino,26,48,178,160,17,40,5,1,5,21,1,0,16,40,.250,.322,.388,.710,95,62,3,1,1,0,0
2,1B,Renato Nunez,26,52,216,195,29,50,10,0,12,31,0,0,17,64,.256,.324,.492,.816,121,96,4,3,0,1,0
3,2B,Hanser Alberto,27,54,231,219,35,62,15,0,3,22,3,0,5,30,.283,.306,.393,.698,91,86,6,3,2,2,0
4,SS,Andrew Velazquez,25,40,77,63,11,10,1,1,0,3,4,2,10,23,.159,.274,.206,.480,36,13,2,0,4,0,0
5,3B,Rio Ruiz,26,54,204,185,25,41,11,0,9,32,1,2,17,46,.222,.286,.427,.713,93,79,4,0,1,1,1
6,LF,Ryan Mountcastle,23,35,140,126,12,42,5,0,5,23,0,1,11,30,.333,.386,.492,.878,140,62,2,1,0,2,0
7,CF,Cedric Mullins,25,48,153,140,16,38,4,3,3,12,7,2,8,37,.271,.315,.407,.723,97,57,0,1,4,0,0
8,RF,Anthony Santander,25,37,165,153,24,40,13,1,11,32,0,1,10,25,.261,.315,.575,.890,138,88,2,2,0,0,3
9,DH,José Iglesias,30,39,150,142,16,53,17,0,3,24,0,0,3,17,.373,.400,.556,.956,160,79,1,4,0,1,0
10,IF,Pat Valaika,27,52,150,141,24,39,4,0,8,16,0,2,8,34,.277,.315,.475,.791,114,67,3,0,1,0,0
11,CF,Austin Hays,24,33,134,122,20,34,2,0,4,9,2,3,8,25,.279,.328,.393,.722,98,48,1,2,0,2,0
12,C,Chance Sisco,25,36,121,98,11,21,4,0,4,10,0,0,17,41,.214,.364,.378,.741,105,37,1,6,0,0,0
13,RF,DJ Stewart,26,31,112,88,13,17,2,0,7,15,0,0,20,38,.193,.355,.455,.809,121,40,0,2,2,0,0
14,LF,Dwight Smith Jr.,27,21,72,63,9,14,3,0,2,6,1,0,7,19,.222,.306,.365,.671,84,23,1,1,0,1,1
15,1B,Chris Davis,34,16,55,52,3,6,3,0,0,1,0,0,3,17,.115,.164,.173,.337,-7,9,0,0,0,0,0
16,UT,Bryan Holaday,32,20,33,31,5,5,1,0,0,4,0,0,2,9,.161,.212,.194,.406,13,6,1,0,0,0,0
17,MI,Ramon Urias,26,10,27,25,3,9,2,0,1,3,0,0,2,6,.360,.407,.560,.967,163,14,1,0,0,0,0
18,OF,Mason Williams,28,10,18,18,0,2,0,1,0,0,0,1,0,9,.111,.111,.222,.333,-11,4,0,0,0,0,0
19,UT,Dilson Herrera,26,3,6,5,0,0,0,0,0,0,0,0,0,4,.000,.167,.000,.167,-48,0,0,1,0,0,0
20,P,Branden Kline,28,0,0,,,,,,,,,,,,,,,,,,,,,,
21,P,Wade LeBlanc,35,0,0,,,,,,,,,,,,,,,,,,,,,,
22,P,Richard Bleier,33,0,0,,,,,,,,,,,,,,,,,,,,,,
23,P,Thomas Eshelman,26,0,0,,,,,,,,,,,,,,,,,,,,,,
24,P,Tanner Scott,25,0,0,,,,,,,,,,,,,,,,,,,,,,
25,P,Keegan Akin,25,0,0,,,,,,,,,,,,,,,,,,,,,,
26,P,David Hess,26,0,0,,,,,,,,,,,,,,,,,,,,,,
27,P,Asher Wojciechowski,31,0,0,,,,,,,,,,,,,,,,,,,,,,
28,P,Carson Fulmer,26,0,0,,,,,,,,,,,,,,,,,,,,,,
29,P,Cesar Valdez,35,1,0,0,0,0,0,0,0,0,0,0,0,0,,,,,,0,0,0,0,0,0
30,P,Travis Lakins,26,1,0,0,1,0,0,0,0,0,0,0,0,0,,,,,,0,0,0,0,0,0
31,P,Dean Kremer,24,0,0,,,,,,,,,,,,,,,,,,,,,,
32,P,Dillon Tate,26,0,0,,,,,,,,,,,,,,,,,,,,,,
33,P,Jorge Lopez,27,0,0,,,,,,,,,,,,,,,,,,,,,,
34,P,Cody Carroll,27,0,0,,,,,,,,,,,,,,,,,,,,,,
35,P,Paul Fry,27,0,0,,,,,,,,,,,,,,,,,,,,,,
36,P,John Means,27,0,0,,,,,,,,,,,,,,,,,,,,,,
37,P,Alex Cobb,32,0,0,,,,,,,,,,,,,,,,,,,,,,
38,P,Mychal Givens,30,0,0,,,,,,,,,,,,,,,,,,,,,,
39,P,Hunter Harvey,25,0,0,,,,,,,,,,,,,,,,,,,,,,
40,P,Shawn Armstrong,29,0,0,,,,,,,,,,,,,,,,,,,,,,
41,P,Bruce Zimmermann,25,0,0,,,,,,,,,,,,,,,,,,,,,,
42,P,Evan Phillips,25,0,0,,,,,,,,,,,,,,,,,,,,,,
43,P,Miguel Castro,25,0,0,,,,,,,,,,,,,,,,,,,,,,
44,P,Cole Sulser,30,0,0,,,,,,,,,,,,,,,,,,,,,,
45,P,Tommy Milone,33,0,0,,,,,,,,,,,,,,,,,,,,,,
1,C,Christian Vazquez,29,47,189,173,22,49,9,0,7,23,4,3,16,43,.283,.344,.457,.801,114,79,6,0,0,0,0
2,1B,Michael Chavis,24,42,158,146,16,31,5,2,5,19,3,0,8,50,.212,.259,.377,.636,69,55,6,2,0,2,0
3,2B,Jose Peraza,26,34,120,111,13,25,8,1,1,8,1,1,5,18,.225,.275,.342,.617,65,38,3,3,0,1,0
4,SS,Xander Bogaerts,27,56,225,203,36,61,8,0,11,28,8,0,21,41,.300,.364,.502,.867,131,102,3,0,0,1,2
5,3B,Rafael Devers,23,57,248,232,32,61,16,1,11,43,0,0,13,67,.263,.310,.483,.793,110,112,8,3,0,0,0
6,LF,Andrew Benintendi,25,14,52,39,4,4,1,0,0,1,1,2,11,17,.103,.314,.128,.442,27,5,1,1,1,0,0
7,CF,Jackie Bradley Jr.,30,55,217,191,32,54,11,0,7,22,5,2,23,48,.283,.364,.450,.814,118,86,2,2,0,1,1
8,RF,Alex Verdugo,24,53,221,201,36,62,16,0,6,15,4,0,17,45,.308,.367,.478,.844,126,96,4,2,0,1,1
9,DH,J.D. Martinez,32,54,237,211,22,45,16,0,7,27,1,0,22,59,.213,.291,.389,.680,81,82,6,2,0,2,3
10,RF,Kevin Pillar,31,30,126,117,20,32,7,2,4,13,1,1,8,23,.274,.325,.470,.795,111,55,4,1,0,0,0
11,1B,Bobby Dalbec,25,23,92,80,13,21,3,0,8,16,0,0,10,39,.263,.359,.600,.959,152,48,0,2,0,0,0
12,C,Kevin Plawecki,29,24,89,82,8,28,5,1,1,17,1,0,5,14,.341,.393,.463,.857,130,38,4,2,0,0,0
13,2B,Jonathan Arauz,21,25,80,72,8,18,2,0,1,9,0,0,8,21,.250,.325,.319,.644,75,23,0,0,0,0,0
14,1B,Mitch Moreland,34,22,79,67,14,22,4,0,8,21,0,0,11,18,.328,.430,.746,1.177,209,50,0,1,0,0,1
15,UT,Tzu-Wei Lin,26,26,57,52,2,8,1,0,0,3,0,0,2,17,.154,.182,.173,.355,-3,9,1,0,2,1,0
16,2B,Christian Arroyo,25,14,54,50,7,12,1,0,3,8,0,0,4,11,.240,.296,.440,.736,95,22,2,0,0,0,0
17,OF,Yairo Munoz,25,12,45,45,6,15,5,0,1,4,2,0,0,11,.333,.333,.511,.844,123,23,1,0,0,0,0
18,OF,Cesar Puello,29,5,11,8,1,3,0,0,0,0,0,0,2,2,.375,.500,.375,.875,142,3,0,0,1,0,0
19,C,Deivy Grullon,24,1,4,3,0,1,0,0,0,1,0,0,1,1,.333,.500,.333,.833,133,1,0,0,0,0,0
20,C,Jonathan Lucroy,34,1,0,0,0,0,0,0,0,0,0,0,0,0,,,,,,0,0,0,0,0,0
21,P,Austin Brice,28,0,0,,,,,,,,,,,,,,,,,,,,,,
22,P,Dylan Covey,28,0,0,,,,,,,,,,,,,,,,,,,,,,
23,P,Nathan Eovaldi,30,0,0,,,,,,,,,,,,,,,,,,,,,,
24,P,Robinson Leyer,27,0,0,,,,,,,,,,,,,,,,,,,,,,
25,P,Mike Kickham,31,0,0,,,,,,,,,,,,,,,,,,,,,,
26,P,Josh Taylor,27,0,0,,,,,,,,,,,,,,,,,,,,,,
27,P,Chris Mazza,30,0,0,,,,,,,,,,,,,,,,,,,,,,
28,P,Kyle Hart,27,0,0,,,,,,,,,,,,,,,,,,,,,,
29,P,Colten Brewer,27,0,0,,,,,,,,,,,,,,,,,,,,,,
30,P,Nick Pivetta,27,0,0,,,,,,,,,,,,,,,,,,,,,,
31,P,Ryan Weber,29,0,0,,,,,,,,,,,,,,,,,,,,,,
32,P,Brandon Workman,31,0,0,,,,,,,,,,,,,,,,,,,,,,
33,P,Matt Hall,26,0,0,,,,,,,,,,,,,,,,,,,,,,
34,P,Jeffrey Springs,27,0,0,,,,,,,,,,,,,,,,,,,,,,
35,P,Heath Hembree,31,0,0,,,,,,,,,,,,,,,,,,,,,,
36,P,Andrew Triggs,31,0,0,,,,,,,,,,,,,,,,,,,,,,
37,P,Josh Osich,31,0,0,,,,,,,,,,,,,,,,,,,,,,
38,P,Darwinzon Hernandez,23,0,0,,,,,,,,,,,,,,,,,,,,,,
39,P,Phillips Valdez,28,0,0,,,,,,,,,,,,,,,,,,,,,,
40,P,Ryan Brasier,32,1,0,0,0,0,0,0,0,0,0,0,0,0,,,,,,0,0,0,0,0,0
41,P,Zack Godley,30,0,0,,,,,,,,,,,,,,,,,,,,,,
42,P,Martin Perez,29,0,0,,,,,,,,,,,,,,,,,,,,,,
43,P,Tanner Houck,24,0,0,,,,,,,,,,,,,,,,,,,,,,
44,P,Matt Barnes,30,0,0,,,,,,,,,,,,,,,,,,,,,,
45,P,Robert Stock,30,0,0,,,,,,,,,,,,,,,,,,,,,,
46,P,Domingo Tapia,28,0,0,,,,,,,,,,,,,,,,,,,,,,
47,P,Marcus Walden,31,1,0,0,0,0,0,0,0,0,0,0,0,0,,,,,,0,0,0,0,0,0
1,C,Mitch Garver,29,23,81,72,8,12,1,0,2,5,0,0,7,37,.167,.247,.264,.511,42,19,1,1,0,1,0
2,1B,Miguel Sano,27,53,205,186,31,38,12,0,13,25,0,0,18,90,.204,.278,.478,.757,104,89,3,1,0,0,1
3,2B,Luis Arraez,23,32,121,112,16,36,9,0,0,13,0,0,8,11,.321,.364,.402,.765,112,45,2,0,0,1,0
4,SS,Jorge Polanco,26,55,226,209,22,54,8,0,4,19,4,2,13,35,.258,.304,.354,.658,82,74,7,1,2,1,0
5,3B,Josh Donaldson,34,28,102,81,14,18,2,0,6,11,0,0,18,24,.222,.373,.469,.842,131,38,4,2,0,1,1
6,LF,Eddie Rosario,28,57,231,210,31,54,7,0,13,42,3,1,19,34,.257,.316,.476,.792,115,100,3,0,0,2,2
7,CF,Byron Buxton,26,39,135,130,19,33,3,0,13,27,2,1,2,36,.254,.267,.577,.844,124,75,2,1,0,2,0
8,RF,Max Kepler,27,48,196,171,27,39,9,0,9,23,3,0,22,36,.228,.321,.439,.760,108,75,1,2,0,1,0
9,DH,Nelson Cruz,39,53,214,185,33,56,6,0,16,33,0,0,25,58,.303,.397,.595,.992,169,110,8,4,0,0,5
10,IF,Marwin Gonzalez,31,53,199,175,15,37,4,0,5,22,0,0,17,41,.211,.286,.320,.606,68,56,1,3,0,4,0
11,CF,Jake Cave,27,42,123,113,17,25,3,2,4,15,0,2,5,44,.221,.285,.389,.674,84,44,0,5,0,0,0
12,IF,Ehire Adrianza,30,44,101,89,10,17,7,0,0,3,1,0,11,23,.191,.287,.270,.557,56,24,3,1,0,0,0
13,C,Ryan Jeffers,23,26,62,55,5,15,0,0,3,7,0,0,5,19,.273,.355,.436,.791,118,24,0,2,0,0,0
14,C,Alex Avila,33,23,62,49,6,9,2,0,1,2,0,0,11,22,.184,.355,.286,.641,81,14,2,2,0,0,0
15,UT,LaMonte Wade Jr,26,16,44,39,3,9,3,0,0,1,1,1,4,9,.231,.318,.308,.626,75,12,0,1,0,0,0
16,2B,Ildemaro Vargas,28,10,24,22,3,5,1,1,0,2,0,0,1,2,.227,.250,.364,.614,67,8,1,0,0,1,0
17,OF,Brent Rooker,25,7,21,19,4,6,2,0,1,5,0,0,0,5,.316,.381,.579,.960,160,11,0,2,0,0,0
18,C,Willians Astudillo,28,8,16,16,4,4,1,0,1,3,0,0,0,2,.250,.250,.500,.750,100,8,0,0,0,0,0
19,2B,Travis Blankenhorn,23,1,4,3,0,1,1,0,0,0,0,0,0,0,.333,.500,.667,1.167,219,2,0,1,0,0,0
20,CF,Aaron Whitefield,23,3,1,1,1,0,0,0,0,0,0,0,0,0,.000,.000,.000,.000,-100,0,0,0,0,0,0
21,P,Cory Gearrin,34,0,0,,,,,,,,,,,,,,,,,,,,,,
22,P,Zack Littell,24,0,0,,,,,,,,,,,,,,,,,,,,,,
23,P,Homer Bailey,34,0,0,,,,,,,,,,,,,,,,,,,,,,
24,P,Rich Hill,40,0,0,,,,,,,,,,,,,,,,,,,,,,
25,P,Tyler Duffey,29,0,0,,,,,,,,,,,,,,,,,,,,,,
26,P,Jose Berrios,26,0,0,,,,,,,,,,,,,,,,,,,,,,
27,P,Tyler Clippard,35,0,0,,,,,,,,,,,,,,,,,,,,,,
28,P,Danny Coulombe,30,0,0,,,,,,,,,,,,,,,,,,,,,,
29,P,Jorge Alcala,24,0,0,,,,,,,,,,,,,,,,,,,,,,
30,P,Sean Poppen,26,0,0,,,,,,,,,,,,,,,,,,,,,,
31,P,Trevor May,30,0,0,,,,,,,,,,,,,,,,,,,,,,
32,P,Jake Odorizzi,30,0,0,,,,,,,,,,,,,,,,,,,,,,
33,P,Caleb Thielbar,33,0,0,,,,,,,,,,,,,,,,,,,,,,
34,P,Kenta Maeda,32,0,0,,,,,,,,,,,,,,,,,,,,,,
35,P,Cody Stashak,26,0,0,,,,,,,,,,,,,,,,,,,,,,
36,P,Sergio Romo,37,0,0,,,,,,,,,,,,,,,,,,,,,,
37,P,Lewis Thorpe,24,0,0,,,,,,,,,,,,,,,,,,,,,,
38,P,Randy Dobnak,25,0,0,,,,,,,,,,,,,,,,,,,,,,
39,P,Edwar Colina,23,0,0,,,,,,,,,,,,,,,,,,,,,,
40,P,Matt Wisler,27,0,0,,,,,,,,,,,,,,,,,,,,,,
41,P,Devin Smeltzer,24,0,0,,,,,,,,,,,,,,,,,,,,,,
42,P,Michael Pineda,31,0,0,,,,,,,,,,,,,,,,,,,,,,
43,P,Taylor Rogers,29,0,0,,,,,,,,,,,,,,,,,,,,,,
1,C,Yasmani Grandal,31,46,194,161,27,37,7,0,8,27,0,0,30,58,.230,.351,.422,.773,113,68,4,1,0,2,0
2,1B,José Abreu,33,60,262,240,43,76,15,0,19,60,0,0,18,59,.317,.370,.617,.987,166,148,10,3,0,1,1
3,2B,Nick Madrigal,23,29,109,103,8,35,3,0,0,11,2,1,4,7,.340,.376,.369,.745,108,38,5,2,0,0,0
4,SS,Tim Anderson,27,49,221,208,45,67,11,1,10,21,5,2,10,50,.322,.357,.529,.886,141,110,4,2,0,1,0
5,3B,Yoan Moncada,25,52,231,200,28,45,8,3,6,24,0,0,28,72,.225,.320,.385,.705,94,77,1,1,0,2,0
6,LF,Eloy Jimenez,23,55,226,213,26,63,14,0,14,41,0,0,12,56,.296,.332,.559,.891,140,119,4,0,0,1,0
7,CF,Luis Robert,22,56,227,202,33,47,8,0,11,31,9,2,20,73,.233,.302,.436,.738,101,88,4,1,0,2,0
8,RF,Nomar Mazara,25,42,149,136,13,31,6,0,1,15,0,1,10,44,.228,.295,.294,.589,64,40,0,3,0,0,0
9,DH,Edwin Encarnacion,37,44,181,159,19,25,5,0,10,19,0,0,16,54,.157,.250,.377,.627,70,60,3,4,0,1,0
10,2B,Danny Mendick,26,33,114,107,11,26,4,1,3,6,0,1,6,25,.243,.281,.383,.664,81,41,3,0,0,1,0
11,C,James McCann,30,31,111,97,20,28,3,0,7,15,1,1,8,30,.289,.360,.536,.896,144,52,2,4,0,2,0
12,RF,Adam Engel,28,36,93,88,11,26,5,1,3,12,1,0,3,19,.295,.333,.477,.811,121,42,1,2,0,0,0
13,UT,Leury Garcia,29,16,63,59,6,16,1,0,3,8,0,0,4,9,.271,.317,.441,.758,107,26,0,0,0,0,0
14,OF,Nicky Delmonico,27,6,22,20,0,3,0,0,0,3,0,0,2,2,.150,.227,.150,.377,8,3,2,0,0,0,0
15,IF,Yolmer Sanchez,28,11,21,16,7,5,3,0,1,1,0,0,5,5,.313,.476,.688,1.164,217,11,1,0,0,0,0
16,DH,Zack Collins,25,9,18,16,1,1,1,0,0,0,0,0,2,5,.063,.167,.125,.292,-17,2,0,0,0,0,0
17,OF,Jarrod Dyson,35,11,11,10,3,3,0,0,0,0,2,0,0,1,.300,.300,.300,.600,67,3,0,0,1,0,0
18,DH,Ryan Goins,32,14,10,9,4,0,0,0,0,0,0,0,1,1,.000,.100,.000,.100,-68,0,0,0,0,0,0
19,OF,Luis Gonzalez,24,3,2,1,1,0,0,0,0,0,0,0,0,1,.000,.500,.000,.500,58,0,0,1,0,0,0
20,DH,Yermin Mercedes,27,1,1,1,0,0,0,0,0,0,0,0,0,0,.000,.000,.000,.000,-100,0,0,0,0,0,0
21,3B,Cheslor Cuthbert,27,1,1,1,0,0,0,0,0,0,0,0,0,0,.000,.000,.000,.000,-100,0,0,0,0,0,0
22,P,Jonathan Stiever,23,0,0,,,,,,,,,,,,,,,,,,,,,,
23,P,Ian Hamilton,25,0,0,,,,,,,,,,,,,,,,,,,,,,
24,P,Matt Foster,25,1,0,0,0,0,0,0,0,0,0,0,0,0,,,,,,0,0,0,0,0,0
25,P,Zack Burdi,25,0,0,,,,,,,,,,,,,,,,,,,,,,
26,P,Carlos Rodon,27,0,0,,,,,,,,,,,,,,,,,,,,,,
27,P,Aaron Bummer,26,0,0,,,,,,,,,,,,,,,,,,,,,,
28,P,Ross Detwiler,34,0,0,,,,,,,,,,,,,,,,,,,,,,
29,P,Jimmy Cordero,28,0,0,,,,,,,,,,,,,,,,,,,,,,
30,P,Bernardo Flores Jr.,24,0,0,,,,,,,,,,,,,,,,,,,,,,
31,P,Dallas Keuchel,32,0,0,,,,,,,,,,,,,,,,,,,,,,
32,P,Steve Cishek,34,0,0,,,,,,,,,,,,,,,,,,,,,,
33,P,Garrett Crochet,21,0,0,,,,,,,,,,,,,,,,,,,,,,
34,P,Alex Colome,31,0,0,,,,,,,,,,,,,,,,,,,,,,
35,P,Dylan Cease,24,0,0,,,,,,,,,,,,,,,,,,,,,,
36,P,Codi Heuer,23,0,0,,,,,,,,,,,,,,,,,,,,,,
37,P,Gio Gonzalez,34,0,0,,,,,,,,,,,,,,,,,,,,,,
38,P,Jose Ruiz,25,1,0,0,0,0,0,0,0,0,0,0,0,0,,,,,,0,0,0,0,0,0
39,P,Drew Anderson,26,0,0,,,,,,,,,,,,,,,,,,,,,,
40,P,Kelvin Herrera,30,0,0,,,,,,,,,,,,,,,,,,,,,,
41,P,Dane Dunning,25,0,0,,,,,,,,,,,,,,,,,,,,,,
42,P,Reynaldo Lopez,26,0,0,,,,,,,,,,,,,,,,,,,,,,
43,P,Evan Marshall,30,0,0,,,,,,,,,,,,,,,,,,,,,,
44,P,Jimmy Lambert,25,0,0,,,,,,,,,,,,,,,,,,,,,,
45,P,Brady Lail,26,0,0,,,,,,,,,,,,,,,,,,,,,,
46,P,Lucas Giolito,25,0,0,,,,,,,,,,,,,,,,,,,,,,
47,P,Alex McRae,27,0,0,,,,,,,,,,,,,,,,,,,,,,
48,P,Jace Fry,26,0,0,,,,,,,,,,,,,,,,,,,,,,
1,C,Roberto Perez,31,32,110,97,6,16,2,0,1,5,0,0,11,38,.165,.264,.216,.480,33,21,2,2,0,0,0
2,1B,Carlos Santana,34,60,255,206,34,41,7,0,8,30,0,0,47,43,.199,.349,.350,.699,91,72,5,1,0,1,1
3,2B,Cesar Hernandez,30,58,261,233,35,66,20,0,3,20,0,0,24,57,.283,.355,.408,.763,106,95,3,2,1,0,0
4,SS,Francisco Lindor,26,60,266,236,30,61,13,0,8,27,6,2,24,41,.258,.335,.415,.750,102,98,8,4,0,2,2
5,3B,Jose Ramirez,27,58,254,219,45,64,16,1,17,46,10,3,31,43,.292,.386,.607,.993,163,133,2,3,0,1,0
6,LF,Jordan Luplow,26,29,92,78,8,15,5,1,2,8,0,1,12,19,.192,.304,.359,.663,79,28,3,1,0,1,0
7,CF,Delino DeShields,27,37,120,107,10,27,3,2,0,7,3,2,9,29,.252,.310,.318,.628,71,34,0,0,4,0,0
8,RF,Tyler Naquin,29,40,141,133,15,29,8,1,4,20,0,1,5,40,.218,.248,.383,.632,68,51,3,1,0,2,0
9,DH,Franmil Reyes,24,59,241,211,27,58,10,0,9,34,0,0,24,69,.275,.344,.450,.795,113,95,6,1,0,5,0
10,CF,Oscar Mercado,25,36,93,86,6,11,1,0,1,6,3,0,5,27,.128,.174,.174,.348,-5,15,0,0,1,1,0
11,OF,Domingo Santana,27,24,84,70,6,11,3,0,2,12,0,0,13,25,.157,.298,.286,.583,60,20,2,1,0,0,0
12,C,Sandy Leon,31,25,81,66,4,9,1,0,2,4,0,0,14,21,.136,.296,.242,.539,49,16,2,1,0,0,0
13,LF,Josh Naylor,23,22,66,61,9,14,3,0,0,2,0,0,4,8,.230,.277,.279,.556,52,17,0,0,0,0,0
14,OF,Bradley Zimmer,27,20,50,37,3,6,0,0,1,3,2,1,7,14,.162,.360,.243,.603,69,9,2,5,0,1,0
15,UT,Mike Freeman,32,24,43,38,5,9,3,0,0,3,0,0,3,11,.237,.302,.316,.618,68,12,0,1,0,1,0
16,OF,Greg Allen,27,15,28,25,3,4,1,0,1,4,1,0,1,9,.160,.214,.320,.534,42,8,0,1,0,1,0
17,C,Beau Taylor,30,7,24,21,1,1,0,0,0,2,0,0,2,9,.048,.130,.048,.178,-48,1,0,0,1,0,0
18,IF,Yu Chang,24,10,13,11,1,2,0,0,0,1,0,0,2,4,.182,.308,.182,.490,38,2,2,0,0,0,0
19,OF,Daniel Johnson,24,5,13,12,0,1,0,0,0,0,0,0,1,5,.083,.154,.083,.237,-33,1,0,0,0,0,1
20,C,Austin Hedges,27,6,12,12,0,1,0,0,0,0,0,0,0,5,.083,.083,.083,.167,-54,1,0,0,0,0,0
21,3B,Christian Arroyo,25,1,0,0,0,0,0,0,0,0,0,0,0,0,,,,,,0,0,0,0,0,0
22,P,Logan Allen,23,0,0,,,,,,,,,,,,,,,,,,,,,,
23,P,Triston McKenzie,22,0,0,,,,,,,,,,,,,,,,,,,,,,
24,P,Carlos Carrasco,33,0,0,,,,,,,,,,,,,,,,,,,,,,
25,P,Dominic Leone,28,0,0,,,,,,,,,,,,,,,,,,,,,,
26,P,Shane Bieber,25,0,0,,,,,,,,,,,,,,,,,,,,,,
27,P,Kyle Nelson,23,0,0,,,,,,,,,,,,,,,,,,,,,,
28,P,James Karinchak,24,0,0,,,,,,,,,,,,,,,,,,,,,,
29,P,Nick Wittgren,29,0,0,,,,,,,,,,,,,,,,,,,,,,
30,P,Cam Hill,26,0,0,,,,,,,,,,,,,,,,,,,,,,
31,P,Aaron Civale,25,0,0,,,,,,,,,,,,,,,,,,,,,,
32,P,Cal Quantrill,25,0,0,,,,,,,,,,,,,,,,,,,,,,
33,P,Oliver Perez,38,0,0,,,,,,,,,,,,,,,,,,,,,,
34,P,Brad Hand,30,0,0,,,,,,,,,,,,,,,,,,,,,,
35,P,Zach Plesac,25,0,0,,,,,,,,,,,,,,,,,,,,,,
36,P,Phil Maton,27,0,0,,,,,,,,,,,,,,,,,,,,,,
37,P,Adam Plutko,28,1,0,0,0,0,0,0,0,0,0,0,0,0,,,,,,0,0,0,0,0,0
38,P,Mike Clevinger,29,0,0,,,,,,,,,,,,,,,,,,,,,,
39,P,Adam Cimber,29,0,0,,,,,,,,,,,,,,,,,,,,,,
1,C,Salvador Perez,30,37,156,150,22,50,12,0,11,32,1,0,3,36,.333,.353,.633,.986,161,95,0,2,0,1,0
2,1B,Hunter Dozier,28,44,186,158,29,36,4,2,6,12,4,0,27,48,.228,.344,.392,.736,101,62,3,1,0,0,0
3,2B,Nicky Lopez,25,56,192,169,15,34,8,0,1,13,0,5,18,41,.201,.286,.266,.552,53,45,1,2,3,0,0
4,SS,Adalberto Mondesi,24,59,233,219,33,56,11,3,6,22,24,8,11,70,.256,.294,.416,.710,91,91,4,1,2,0,0
5,3B,Maikel Franco,27,60,243,223,23,62,16,0,8,38,1,0,16,38,.278,.321,.457,.778,109,102,4,0,0,4,1
6,LF,Alex Gordon,36,50,184,163,15,34,4,0,4,11,0,0,18,37,.209,.299,.307,.606,66,50,0,3,0,0,0
7,CF,Bubba Starling,27,35,64,59,5,10,1,0,1,5,0,0,4,27,.169,.219,.237,.456,25,14,0,0,0,1,0
8,RF,Whit Merrifield,31,60,265,248,38,70,12,0,9,30,12,3,12,33,.282,.325,.440,.764,106,109,3,4,0,1,0
9,DH,Jorge Soler,28,43,174,149,17,34,8,0,8,24,0,0,19,60,.228,.326,.443,.769,107,66,3,3,0,1,0
10,1B,Ryan O'Hearn,26,42,132,113,7,22,6,0,2,18,0,0,18,37,.195,.303,.301,.604,66,34,5,0,0,1,2
11,UT,Ryan McBroom,28,36,85,81,8,20,3,0,6,10,0,0,4,30,.247,.282,.506,.789,109,41,2,0,0,0,0
12,OF,Edward Olivares,24,18,65,62,5,17,1,1,2,7,0,1,2,11,.274,.292,.419,.712,91,26,1,0,0,1,0
13,C,Cam Gallagher,27,25,60,53,10,15,5,0,1,3,0,0,6,11,.283,.356,.434,.790,115,23,0,0,1,0,0
14,OF,Franchy Cordero,25,16,42,38,7,8,3,0,2,7,1,0,4,4,.211,.286,.447,.733,96,17,1,0,0,0,0
15,OF,Brett Phillips,26,18,34,31,8,7,0,1,1,2,3,1,3,8,.226,.294,.387,.681,84,12,0,0,0,0,0
16,C,Meibrys Viloria,23,15,24,21,1,4,1,0,0,0,0,0,2,9,.190,.292,.238,.530,48,5,0,1,0,0,0
17,OF,Nick Heath,26,15,18,13,2,2,1,0,0,3,2,2,2,6,.154,.313,.231,.543,53,3,0,1,1,0,0
18,UT,Erick Mejia,25,8,16,14,1,1,1,0,0,0,1,0,0,7,.071,.071,.143,.214,-44,2,0,0,1,0,0
19,3B,Kelvin Gutierrez,25,4,12,9,0,1,0,0,0,0,0,0,3,6,.111,.333,.111,.444,30,1,0,0,0,0,0
20,3B,Matt Reynolds,29,3,11,11,1,0,0,0,0,0,0,0,0,7,.000,.000,.000,.000,-100,0,0,0,0,0,0
21,C,Oscar Hernandez,26,4,4,4,1,2,0,0,0,0,0,0,0,1,.500,.500,.500,1.000,175,2,1,0,0,0,0
22,P,Glenn Sparkman,28,0,0,,,,,,,,,,,,,,,,,,,,,,
23,P,Matt Harvey,31,0,0,,,,,,,,,,,,,,,,,,,,,,
24,P,Jake Newberry,25,0,0,,,,,,,,,,,,,,,,,,,,,,
25,P,Kris Bubic,22,0,0,,,,,,,,,,,,,,,,,,,,,,
26,P,Brady Singer,23,0,0,,,,,,,,,,,,,,,,,,,,,,
27,P,Trevor Rosenthal,30,1,0,0,0,0,0,0,0,0,0,0,0,0,,,,,,0,0,0,0,0,0
28,P,Mike Montgomery,30,0,0,,,,,,,,,,,,,,,,,,,,,,
29,P,Greg Holland,34,0,0,,,,,,,,,,,,,,,,,,,,,,
30,P,Randy Rosario,26,0,0,,,,,,,,,,,,,,,,,,,,,,
31,P,Scott Barlow,27,0,0,,,,,,,,,,,,,,,,,,,,,,
32,P,Gabe Speier,25,0,0,,,,,,,,,,,,,,,,,,,,,,
33,P,Foster Griffin,24,0,0,,,,,,,,,,,,,,,,,,,,,,
34,P,Scott Blewett,24,0,0,,,,,,,,,,,,,,,,,,,,,,
35,P,Chance Adams,25,0,0,,,,,,,,,,,,,,,,,,,,,,
36,P,Jorge Lopez,27,0,0,,,,,,,,,,,,,,,,,,,,,,
37,P,Brad Keller,24,0,0,,,,,,,,,,,,,,,,,,,,,,
38,P,Jakob Junis,27,0,0,,,,,,,,,,,,,,,,,,,,,,
39,P,Jesse Hahn,30,0,0,,,,,,,,,,,,,,,,,,,,,,
40,P,Danny Duffy,31,0,0,,,,,,,,,,,,,,,,,,,,,,
41,P,Kyle Zimmer,28,0,0,,,,,,,,,,,,,,,,,,,,,,
42,P,Josh Staumont,26,0,0,,,,,,,,,,,,,,,,,,,,,,
43,P,Richard Lovelady,24,0,0,,,,,,,,,,,,,,,,,,,,,,
44,P,Ian Kennedy,35,0,0,,,,,,,,,,,,,,,,,,,,,,
45,P,Tyler Zuber,25,0,0,,,,,,,,,,,,,,,,,,,,,,
46,P,Ronald Bolanos,23,0,0,,,,,,,,,,,,,,,,,,,,,,
47,P,Kevin McCarthy,28,0,0,,,,,,,,,,,,,,,,,,,,,,
48,P,Carlos Hernandez,23,0,0,,,,,,,,,,,,,,,,,,,,,,
1,C,Austin Romine,31,37,135,130,12,31,5,0,2,17,0,0,4,47,.238,.259,.323,.582,58,42,3,0,0,1,0
2,1B,Jeimer Candelario,26,52,206,185,30,55,11,3,7,29,1,1,20,49,.297,.369,.503,.872,135,93,3,1,0,0,0
3,2B,Jonathan Schoop,28,44,177,162,26,45,4,2,8,23,0,0,8,39,.278,.324,.475,.799,115,77,8,4,0,2,0
4,SS,Niko Goodrum,28,43,179,158,15,29,7,1,5,20,7,1,18,69,.184,.263,.335,.598,62,53,4,0,0,3,0
5,3B,Isaac Paredes,21,34,108,100,7,22,4,0,1,6,0,0,8,24,.220,.278,.290,.568,56,29,1,0,0,0,0
6,LF,Christin Stewart,26,36,99,90,6,15,3,0,3,9,0,0,5,30,.167,.224,.300,.524,42,27,2,2,0,1,0
7,CF,JaCoby Jones,28,30,108,97,19,26,9,0,5,14,1,1,7,34,.268,.333,.515,.849,127,50,1,3,0,1,0
8,RF,Daz Cameron,23,17,59,57,4,11,2,1,0,3,1,0,2,19,.193,.220,.263,.483,32,15,1,0,0,0,0
9,DH,Miguel Cabrera,37,57,231,204,28,51,4,0,10,35,1,0,24,51,.250,.329,.417,.746,102,85,3,1,0,2,1
10,CF,Victor Reyes,25,57,213,202,30,56,7,2,4,14,8,2,9,45,.277,.315,.391,.706,92,79,4,2,0,0,0
11,SS,Willi Castro,23,36,140,129,21,45,4,2,6,24,0,1,7,38,.349,.381,.550,.932,150,71,0,1,1,2,0
12,OF,Jorge Bonifacio,27,30,94,86,8,19,3,0,2,17,0,0,5,26,.221,.277,.326,.602,64,28,1,2,0,1,0
13,C,Grayson Greiner,27,18,55,51,8,6,2,0,3,8,0,0,3,20,.118,.182,.333,.515,36,17,2,1,0,0,0
14,UT,Harold Castro,26,22,54,49,6,17,4,0,0,3,0,0,5,11,.347,.407,.429,.836,129,21,1,0,0,0,0
15,1B,C.J. Cron,30,13,52,42,9,8,3,0,4,8,0,0,9,16,.190,.346,.548,.894,139,23,2,1,0,0,0
16,RF,Cameron Maybin,33,14,45,41,5,10,4,0,1,2,0,0,4,13,.244,.311,.415,.726,96,17,3,0,0,0,0
17,OF,Travis Demeritte,25,18,33,29,5,5,1,0,0,4,0,0,3,14,.172,.273,.207,.480,34,6,0,1,0,0,0
18,IF,Sergio Alcantara,23,10,23,21,2,3,0,1,1,1,0,0,2,4,.143,.217,.381,.598,59,8,0,0,0,0,0
19,C,Eric Haase,27,7,19,17,1,3,0,0,0,2,0,0,1,6,.176,.211,.176,.387,8,3,0,0,0,1,0
20,UT,Brandon Dixon,28,5,14,13,0,1,1,0,0,2,0,0,1,4,.077,.143,.154,.297,-19,2,1,0,0,0,0
21,DH,Derek Hill,24,15,12,11,3,1,0,0,0,0,0,0,1,6,.091,.167,.091,.258,-26,1,0,0,0,0,0
22,3B,Dawel Lugo,25,9,11,10,3,2,0,0,0,1,0,0,1,1,.200,.273,.200,.473,33,2,1,0,0,0,0
23,CI,Jordy Mercer,33,3,9,9,1,2,0,0,0,0,0,0,0,1,.222,.222,.222,.444,22,2,1,0,0,0,0
24,P,Tarik Skubal,23,0,0,,,,,,,,,,,,,,,,,,,,,,
25,P,Nick Ramirez,30,0,0,,,,,,,,,,,,,,,,,,,,,,
26,P,Casey Mize,23,0,0,,,,,,,,,,,,,,,,,,,,,,
27,P,Buck Farmer,29,0,0,,,,,,,,,,,,,,,,,,,,,,
28,P,Spencer Turnbull,27,0,0,,,,,,,,,,,,,,,,,,,,,,
29,P,Joe Jimenez,25,0,0,,,,,,,,,,,,,,,,,,,,,,
30,P,Ivan Nova,33,0,0,,,,,,,,,,,,,,,,,,,,,,
31,P,Rony Garcia,22,0,0,,,,,,,,,,,,,,,,,,,,,,
32,P,Bryan Garcia,25,0,0,,,,,,,,,,,,,,,,,,,,,,
33,P,Kyle Funkhouser,26,0,0,,,,,,,,,,,,,,,,,,,,,,
34,P,Tyler Alexander,25,0,0,,,,,,,,,,,,,,,,,,,,,,
35,P,Carson Fulmer,26,0,0,,,,,,,,,,,,,,,,,,,,,,
36,P,Matthew Boyd,29,0,0,,,,,,,,,,,,,,,,,,,,,,
37,P,Jordan Zimmermann,34,0,0,,,,,,,,,,,,,,,,,,,,,,
38,P,Jose Cisnero,31,0,0,,,,,,,,,,,,,,,,,,,,,,
39,P,John Schreiber,26,0,0,,,,,,,,,,,,,,,,,,,,,,
40,P,Anthony Castro,25,0,0,,,,,,,,,,,,,,,,,,,,,,
41,P,Michael Fulmer,27,0,0,,,,,,,,,,,,,,,,,,,,,,
42,P,Gregory Soto,25,0,0,,,,,,,,,,,,,,,,,,,,,,
43,P,Daniel Norris,27,0,0,,,,,,,,,,,,,,,,,,,,,,
44,P,David McKay,25,0,0,,,,,,,,,,,,,,,,,,,,,,
45,P,Beau Burrows,23,0,0,,,,,,,,,,,,,,,,,,,,,,
1,C,Sean Murphy,25,43,140,116,21,27,5,0,7,14,0,0,24,37,.233,.364,.457,.821,131,53,6,0,0,0,0
2,1B,Matt Olson,26,60,245,210,28,41,4,1,14,42,1,0,34,77,.195,.310,.424,.734,105,89,2,1,0,0,2
3,2B,Tony Kemp,28,49,114,93,15,23,5,0,0,4,3,1,15,14,.247,.363,.301,.664,92,28,0,3,1,2,0
4,SS,Marcus Semien,29,53,236,211,28,47,9,1,7,23,4,0,25,50,.223,.305,.374,.679,91,79,3,0,0,0,0
5,3B,Matt Chapman,27,37,152,142,22,33,9,2,10,25,0,0,8,54,.232,.276,.535,.812,122,76,2,1,0,1,0
6,LF,Robbie Grossman,30,51,192,166,23,40,12,2,8,23,8,1,21,38,.241,.344,.482,.826,130,80,1,5,0,0,2
7,CF,Ramon Laureano,25,54,222,183,27,39,8,1,6,25,2,1,24,58,.213,.338,.366,.704,100,67,7,12,0,3,0
8,RF,Stephen Piscotty,29,45,171,159,17,36,6,0,5,29,4,0,9,53,.226,.271,.358,.629,76,57,4,1,1,1,0
9,DH,Khris Davis,32,30,99,85,9,17,5,0,2,10,0,0,10,26,.200,.303,.329,.632,79,28,5,3,0,1,0
10,OF,Mark Canha,31,59,243,191,32,47,12,2,5,33,4,0,37,54,.246,.387,.408,.795,126,78,2,10,0,5,1
11,2B,Tommy La Stella,31,27,111,97,16,28,6,2,1,11,0,0,12,5,.289,.369,.423,.792,124,41,3,1,0,1,0
12,IF,Vimael Machin,26,24,71,63,11,13,2,0,0,0,0,0,8,10,.206,.296,.238,.534,54,15,4,0,0,0,0
13,IF,Chad Pinder,28,24,61,56,8,13,3,0,2,8,0,0,5,13,.232,.295,.393,.688,93,22,3,0,0,0,0
14,3B,Jake Lamb,29,13,49,45,5,12,4,0,3,9,0,0,2,8,.267,.327,.556,.882,143,25,1,2,0,0,0
15,C,Jonah Heim,25,13,41,38,5,8,0,0,0,5,0,0,3,3,.211,.268,.211,.479,39,8,1,0,0,0,0
16,C,Austin Allen,26,14,32,31,1,6,1,0,1,3,0,0,1,14,.194,.219,.323,.541,50,10,0,0,0,0,0
17,MI,Franklin Barreto,24,15,10,10,5,0,0,0,0,0,0,0,0,7,.000,.000,.000,.000,-100,0,0,0,0,0,0
18,MI,Nate Orf,30,6,7,7,1,0,0,0,0,0,0,0,0,1,.000,.000,.000,.000,-100,0,0,0,0,0,0
19,DH,Seth Brown,27,7,5,5,0,0,0,0,0,0,0,0,0,2,.000,.000,.000,.000,-100,0,0,0,0,0,0
20,P,J.B. Wendelken,27,0,0,,,,,,,,,,,,,,,,,,,,,,
21,P,Paul Blackburn,26,0,0,,,,,,,,,,,,,,,,,,,,,,
22,P,Mike Minor,32,0,0,,,,,,,,,,,,,,,,,,,,,,
23,P,Daulton Jefferies,24,0,0,,,,,,,,,,,,,,,,,,,,,,
24,P,Mike Fiers,35,0,0,,,,,,,,,,,,,,,,,,,,,,
25,P,Joakim Soria,36,0,0,,,,,,,,,,,,,,,,,,,,,,
26,P,Yusmeiro Petit,35,0,0,,,,,,,,,,,,,,,,,,,,,,
27,P,T.J. McFarland,31,0,0,,,,,,,,,,,,,,,,,,,,,,
28,P,Jordan Weems,27,0,0,,,,,,,,,,,,,,,,,,,,,,
29,P,Daniel Mengden,27,0,0,,,,,,,,,,,,,,,,,,,,,,
30,P,Sean Manaea,28,0,0,,,,,,,,,,,,,,,,,,,,,,
31,P,Burch Smith,30,0,0,,,,,,,,,,,,,,,,,,,,,,
32,P,Frankie Montas,27,0,0,,,,,,,,,,,,,,,,,,,,,,
33,P,Liam Hendriks,31,0,0,,,,,,,,,,,,,,,,,,,,,,
34,P,Jake Diekman,33,0,0,,,,,,,,,,,,,,,,,,,,,,
35,P,James Kaprielian,26,0,0,,,,,,,,,,,,,,,,,,,,,,
36,P,Chris Bassitt,31,0,0,,,,,,,,,,,,,,,,,,,,,,
37,P,Jesus Luzardo,22,0,0,,,,,,,,,,,,,,,,,,,,,,
38,P,Lou Trivino,28,0,0,,,,,,,,,,,,,,,,,,,,,,
1,C,Martin Maldonado,33,47,165,135,19,29,4,0,6,24,1,0,27,51,.215,.350,.378,.727,98,51,2,1,2,0,0
2,1B,Yuli Gurriel,36,57,230,211,27,49,12,1,6,22,0,1,12,27,.232,.274,.384,.658,76,81,6,2,0,5,0
3,2B,Jose Altuve,30,48,210,192,32,42,9,0,5,18,2,3,17,39,.219,.286,.344,.629,71,66,5,1,0,0,0
4,SS,Carlos Correa,25,58,221,201,22,53,9,0,5,25,0,0,16,49,.264,.326,.383,.709,92,77,4,3,0,1,2
5,3B,Alex Bregman,26,42,180,153,19,37,12,1,6,22,0,0,24,26,.242,.350,.451,.801,116,69,2,2,0,1,1
6,LF,Kyle Tucker,23,58,228,209,33,56,12,6,9,42,8,1,18,46,.268,.325,.512,.837,123,107,2,0,0,1,2
7,CF,George Springer,30,51,222,189,37,50,6,2,14,32,1,2,24,38,.265,.359,.540,.899,140,102,3,5,0,2,0
8,RF,Josh Reddick,33,56,210,188,22,46,11,1,4,23,1,0,20,42,.245,.316,.378,.693,88,71,5,0,0,1,0
9,DH,Michael Brantley,33,46,187,170,24,51,15,0,5,22,2,0,17,28,.300,.364,.476,.840,126,81,3,0,0,0,0
10,IF,Abraham Toro,23,33,97,87,13,13,2,0,3,9,1,1,3,23,.149,.237,.276,.513,39,24,1,7,0,0,0
11,CF,Myles Straw,25,33,86,82,8,17,4,0,0,8,6,2,4,22,.207,.244,.256,.500,37,21,0,0,0,0,0
12,UT,Aledmys Díaz,29,17,59,58,8,14,5,0,3,6,0,0,1,12,.241,.254,.483,.737,94,28,1,0,0,0,0
13,IF,Jack Mayfield,29,21,47,42,5,8,1,0,0,3,0,0,2,14,.190,.239,.214,.453,25,9,1,1,1,1,0
14,C,Dustin Garneau,32,17,46,38,4,6,0,1,1,4,0,0,6,15,.158,.273,.289,.562,54,11,1,0,2,0,0
15,DH,Taylor Jones,26,7,22,21,3,4,1,0,1,3,0,0,1,7,.190,.227,.381,.608,61,8,2,0,0,0,0
16,UT,Garrett Stubbs,27,14,10,8,1,1,0,0,0,1,0,1,0,0,.125,.111,.125,.236,-36,1,0,0,1,1,0
17,DH,Yordan Álvarez,23,2,9,8,2,2,0,0,1,4,0,0,0,1,.250,.333,.625,.958,152,5,1,1,0,0,0
18,P,Justin Verlander,37,0,0,,,,,,,,,,,,,,,,,,,,,,
19,P,Blake Taylor,24,0,0,,,,,,,,,,,,,,,,,,,,,,
20,P,Joe Biagini,30,0,0,,,,,,,,,,,,,,,,,,,,,,
21,P,Andre Scrubb,25,0,0,,,,,,,,,,,,,,,,,,,,,,
22,P,Cionel Pérez,24,0,0,,,,,,,,,,,,,,,,,,,,,,
23,P,Brooks Raley,32,0,0,,,,,,,,,,,,,,,,,,,,,,
24,P,Brandon Bailey,25,0,0,,,,,,,,,,,,,,,,,,,,,,
25,P,Ryan Pressly,31,0,0,,,,,,,,,,,,,,,,,,,,,,
26,P,Josh James,27,0,0,,,,,,,,,,,,,,,,,,,,,,
27,P,Humberto Castellanos,22,0,0,,,,,,,,,,,,,,,,,,,,,,
28,P,Chris Devenski,29,0,0,,,,,,,,,,,,,,,,,,,,,,
29,P,Carlos Sanabria,23,0,0,,,,,,,,,,,,,,,,,,,,,,
30,P,Lance McCullers Jr.,26,0,0,,,,,,,,,,,,,,,,,,,,,,
31,P,Cristian Javier,23,0,0,,,,,,,,,,,,,,,,,,,,,,
32,P,Nivaldo Rodriguez,23,0,0,,,,,,,,,,,,,,,,,,,,,,
33,P,Brandon Bielak,24,0,0,,,,,,,,,,,,,,,,,,,,,,
34,P,Jose Urquidy,25,0,0,,,,,,,,,,,,,,,,,,,,,,
35,P,Luis Garcia,23,0,0,,,,,,,,,,,,,,,,,,,,,,
36,P,Brad Peacock,32,0,0,,,,,,,,,,,,,,,,,,,,,,
37,P,Zack Greinke,36,0,0,,,,,,,,,,,,,,,,,,,,,,
38,P,Framber Valdez,26,0,0,,,,,,,,,,,,,,,,,,,,,,
39,P,Enoli Paredes,24,0,0,,,,,,,,,,,,,,,,,,,,,,
40,P,Roberto Osuna,25,0,0,,,,,,,,,,,,,,,,,,,,,,
41,P,Bryan Abreu,23,0,0,,,,,,,,,,,,,,,,,,,,,,
42,P,Cy Sneed,27,0,0,,,,,,,,,,,,,,,,,,,,,,
43,P,Chase De Jong,26,0,0,,,,,,,,,,,,,,,,,,,,,,
1,C,Austin Nola,30,29,110,98,15,30,5,1,5,19,0,0,9,17,.306,.373,.531,.903,152,52,1,2,0,1,1
2,1B,Evan White,24,54,202,182,19,32,7,0,8,26,1,2,18,84,.176,.252,.346,.599,67,63,3,1,0,1,0
3,2B,Shed Long,24,34,128,117,10,20,5,0,3,9,4,0,11,37,.171,.242,.291,.533,50,34,1,0,0,0,0
4,SS,J.P. Crawford,25,53,232,204,33,52,7,2,2,24,6,3,23,39,.255,.336,.338,.674,92,69,4,3,0,2,0
5,3B,Kyle Seager,32,60,248,203,35,49,12,0,9,40,5,0,32,33,.241,.355,.433,.788,122,88,4,7,0,6,3
6,LF,Jose Marmolejos,27,35,115,107,12,22,4,0,6,18,0,1,7,32,.206,.261,.411,.672,86,44,2,1,0,0,0
7,CF,Kyle Lewis,24,58,242,206,37,54,3,0,11,28,5,1,34,71,.262,.364,.437,.801,126,90,5,0,0,2,0
8,RF,Phil Ervin,27,18,47,39,5,8,3,0,0,4,0,0,8,14,.205,.340,.282,.622,80,11,1,0,0,0,0
9,DH,Tim Lopes,26,46,151,143,16,34,12,0,2,15,5,0,6,34,.238,.278,.364,.642,80,52,2,2,0,0,0
10,UT,Dylan Moore,27,38,159,137,26,35,9,0,8,17,12,5,14,43,.255,.358,.496,.855,139,68,4,8,0,0,0
11,IF,Ty France,25,23,94,86,10,26,5,1,2,13,0,0,6,22,.302,.362,.453,.815,129,39,2,2,0,0,0
12,UT,Dee Strange-Gordon,32,33,82,75,12,15,1,0,0,3,3,2,5,13,.200,.268,.213,.482,39,16,1,2,0,0,0
13,C,Luis Torrens,24,18,65,59,5,15,4,0,1,6,0,0,6,13,.254,.323,.373,.696,97,22,1,0,0,0,0
14,DH,Daniel Vogelbach,27,18,64,53,3,5,1,0,2,4,0,0,11,13,.094,.250,.226,.476,37,12,1,0,0,0,1
15,UT,Sam Haggerty,26,13,54,50,7,13,4,0,1,6,4,0,4,16,.260,.315,.400,.715,101,20,0,0,0,0,0
16,OF,Mallex Smith,27,14,47,45,2,6,2,0,0,3,2,0,2,13,.133,.170,.178,.348,-1,8,1,0,0,0,0
17,C,Joseph Odom,28,18,44,39,2,5,0,0,0,2,0,0,4,20,.128,.209,.128,.338,-1,5,1,0,1,0,0
18,OF,Braden Bishop,26,12,34,30,2,5,2,0,0,4,1,0,2,10,.167,.242,.233,.476,36,7,0,1,1,0,0
19,OF,Jake Fraley,25,7,29,26,3,4,1,1,0,0,2,1,2,11,.154,.241,.269,.511,45,7,0,1,0,0,0
20,C,Joe Hudson,29,9,20,17,0,3,0,0,0,0,0,0,2,5,.176,.263,.176,.440,29,3,0,0,1,0,0
21,MI,Donovan Walton,26,5,14,13,0,2,1,0,0,3,0,1,1,5,.154,.214,.231,.445,26,3,1,0,0,0,0
22,P,Yoshihisa Hirano,36,0,0,,,,,,,,,,,,,,,,,,,,,,
23,P,Kendall Graveman,29,0,0,,,,,,,,,,,,,,,,,,,,,,
24,P,Aaron Fletcher,24,0,0,,,,,,,,,,,,,,,,,,,,,,
25,P,Anthony Misiewicz,25,0,0,,,,,,,,,,,,,,,,,,,,,,
26,P,Erik Swanson,26,0,0,,,,,,,,,,,,,,,,,,,,,,
27,P,Yusei Kikuchi,29,0,0,,,,,,,,,,,,,,,,,,,,,,
28,P,Taylor Williams,28,1,0,0,0,0,0,0,0,0,0,0,0,0,,,,,,0,0,0,0,0,0
29,P,Dan Altavilla,27,1,0,0,0,0,0,0,0,0,0,0,0,0,,,,,,0,0,0,0,0,0
30,P,Matt Magill,30,0,0,,,,,,,,,,,,,,,,,,,,,,
31,P,Nestor Cortes Jr.,25,0,0,,,,,,,,,,,,,,,,,,,,,,
32,P,Jimmy Yacabonis,28,0,0,,,,,,,,,,,,,,,,,,,,,,
33,P,Zac Grotz,27,0,0,,,,,,,,,,,,,,,,,,,,,,
34,P,Marco Gonzales,28,0,0,,,,,,,,,,,,,,,,,,,,,,
35,P,Carl Edwards Jr.,28,0,0,,,,,,,,,,,,,,,,,,,,,,
36,P,Justus Sheffield,24,0,0,,,,,,,,,,,,,,,,,,,,,,
37,P,Yohan Ramirez,25,0,0,,,,,,,,,,,,,,,,,,,,,,
38,P,Walker Lockett,26,0,0,,,,,,,,,,,,,,,,,,,,,,
39,P,Taylor Guilbeau,27,0,0,,,,,,,,,,,,,,,,,,,,,,
40,P,Casey Sadler,29,0,0,,,,,,,,,,,,,,,,,,,,,,
41,P,Joey Gerber,23,0,0,,,,,,,,,,,,,,,,,,,,,,
42,P,Bryan Shaw,32,0,0,,,,,,,,,,,,,,,,,,,,,,
43,P,Ljay Newsome,23,0,0,,,,,,,,,,,,,,,,,,,,,,
44,P,Nick Margevicius,24,0,0,,,,,,,,,,,,,,,,,,,,,,
45,P,Justin Dunn,24,0,0,,,,,,,,,,,,,,,,,,,,,,
46,P,Brandon Brennan,28,0,0,,,,,,,,,,,,,,,,,,,,,,
47,P,Taijuan Walker,27,0,0,,,,,,,,,,,,,,,,,,,,,,
48,P,Brady Lail,26,0,0,,,,,,,,,,,,,,,,,,,,,,
49,P,Seth Frankoff,31,0,0,,,,,,,,,,,,,,,,,,,,,,
1,C,Max Stassi,29,31,105,90,12,25,2,0,7,20,0,0,11,21,.278,.352,.533,.886,139,48,5,1,0,3,0
2,1B,Albert Pujols,40,39,163,152,15,34,8,0,6,25,0,0,9,25,.224,.270,.395,.665,80,60,4,1,0,1,1
3,2B,Luis Rengifo,23,33,106,90,12,14,1,0,1,3,3,1,14,26,.156,.269,.200,.469,33,18,2,0,2,0,0
4,SS,Andrelton Simmons,30,30,127,118,19,35,7,0,0,10,2,0,8,16,.297,.346,.356,.702,95,42,5,1,0,0,0
5,3B,Anthony Rendon,30,52,232,189,29,54,11,1,9,31,0,0,38,31,.286,.418,.497,.915,151,94,10,5,0,0,2
6,LF,Justin Upton,32,42,166,147,20,30,5,0,9,22,0,2,11,43,.204,.289,.422,.711,93,62,6,7,0,1,0
7,CF,Mike Trout,28,53,241,199,41,56,9,2,17,46,1,1,35,56,.281,.390,.603,.993,168,120,1,3,0,4,4
8,RF,Jo Adell,21,38,132,124,9,20,4,0,3,7,0,1,7,55,.161,.212,.266,.478,31,33,3,1,0,0,0
9,DH,Shohei Ohtani,25,44,175,153,23,29,6,0,7,24,7,1,22,50,.190,.291,.366,.657,80,56,3,0,0,0,0
10,SS,David Fletcher,26,49,230,207,31,66,13,0,3,18,2,1,20,25,.319,.376,.425,.801,121,88,4,0,1,2,0
11,IF,Tommy La Stella,31,28,117,99,15,27,8,0,4,14,1,0,15,7,.273,.371,.475,.845,131,47,3,1,1,1,0
12,OF,Brian Goodwin,29,30,109,95,12,23,7,1,4,17,1,0,12,35,.242,.330,.463,.793,116,44,0,1,0,1,1
13,1B,Jared Walsh,26,32,108,99,19,29,4,2,9,26,0,0,5,15,.293,.324,.646,.971,158,64,0,1,0,3,0
14,OF,Taylor Ward,26,34,102,94,16,26,6,2,0,5,2,0,8,28,.277,.333,.383,.716,97,36,1,0,0,0,0
15,C,Jason Castro,33,18,62,52,5,10,4,0,2,6,0,0,10,23,.192,.323,.385,.707,94,20,1,0,0,0,0
16,C,Anthony Bemboom,30,21,60,48,9,10,1,0,3,5,0,1,7,13,.208,.328,.417,.744,103,20,0,2,2,1,0
17,UT,Matt Thaiss,25,8,25,21,3,3,0,0,1,1,0,0,4,8,.143,.280,.286,.566,57,6,1,0,0,0,0
18,UT,Franklin Barreto,24,6,18,17,0,2,0,0,0,2,1,0,0,8,.118,.167,.118,.284,-19,2,0,1,0,0,0
19,OF,Michael Hermosillo,25,7,10,8,0,2,0,0,0,2,1,0,1,1,.250,.300,.250,.550,55,2,0,0,0,1,0
20,MI,Elliot Soto,30,3,7,6,2,2,1,0,0,0,0,0,1,1,.333,.429,.500,.929,155,3,0,0,0,0,0
21,2B,Jahmai Jones,22,3,7,7,2,3,0,0,0,1,0,0,0,2,.429,.429,.429,.857,138,3,0,0,0,0,0
22,C,Jose Briceno,27,2,6,5,0,1,0,0,0,0,0,0,1,1,.200,.333,.200,.533,53,1,0,0,0,0,0
23,P,Patrick Sandoval,23,0,0,,,,,,,,,,,,,,,,,,,,,,
24,P,Jose Quijada,24,0,0,,,,,,,,,,,,,,,,,,,,,,
25,P,Keynan Middleton,26,0,0,,,,,,,,,,,,,,,,,,,,,,
26,P,Hansel Robles,29,0,0,,,,,,,,,,,,,,,,,,,,,,
27,P,Jose Rodriguez,24,0,0,,,,,,,,,,,,,,,,,,,,,,
28,P,Ryan Buchter,33,0,0,,,,,,,,,,,,,,,,,,,,,,
29,P,Andrew Heaney,29,0,0,,,,,,,,,,,,,,,,,,,,,,
30,P,Noe Ramirez,30,0,0,,,,,,,,,,,,,,,,,,,,,,
31,P,Hoby Milner,29,0,0,,,,,,,,,,,,,,,,,,,,,,
32,P,Luke Bard,29,0,0,,,,,,,,,,,,,,,,,,,,,,
33,P,Griffin Canning,24,0,0,,,,,,,,,,,,,,,,,,,,,,
34,P,Matt Andriese,30,0,0,,,,,,,,,,,,,,,,,,,,,,
35,P,Mike Mayers,28,0,0,,,,,,,,,,,,,,,,,,,,,,
36,P,Dylan Bundy,27,0,0,,,,,,,,,,,,,,,,,,,,,,
37,P,Dillon Peters,27,0,0,,,,,,,,,,,,,,,,,,,,,,
38,P,Julio Teheran,29,0,0,,,,,,,,,,,,,,,,,,,,,,
39,P,Cam Bedrosian,28,1,0,0,0,0,0,0,0,0,0,0,0,0,,,,,,0,0,0,0,0,0
40,P,Ty Buttrey,27,0,0,,,,,,,,,,,,,,,,,,,,,,
41,P,Kyle Keller,27,0,0,,,,,,,,,,,,,,,,,,,,,,
42,P,Jose Suarez,22,0,0,,,,,,,,,,,,,,,,,,,,,,
43,P,Felix Pena,30,0,0,,,,,,,,,,,,,,,,,,,,,,
44,P,Jaime Barria,23,0,0,,,,,,,,,,,,,,,,,,,,,,
45,P,Jacob Barnes,30,0,0,,,,,,,,,,,,,,,,,,,,,,
1,C,Jeff Mathis,37,24,68,62,6,10,1,1,3,9,1,0,5,24,.161,.221,.355,.575,54,22,0,0,0,1,0
2,1B,Ronald Guzman,25,26,86,78,10,19,1,1,4,9,1,0,7,24,.244,.314,.436,.750,102,34,0,1,0,0,0
3,2B,Rougned Odor,26,38,148,138,15,23,4,0,10,30,0,1,7,47,.167,.209,.413,.623,64,57,2,1,0,2,0
4,SS,Elvis Andrus,31,29,111,103,11,20,5,0,3,7,3,1,8,15,.194,.252,.330,.582,58,34,5,0,0,0,0
5,3B,Isiah Kiner-Falefa,25,58,228,211,28,59,4,3,3,10,8,5,14,32,.280,.329,.370,.699,91,78,6,2,0,1,0
6,LF,Nick Solak,25,58,233,209,27,56,10,0,2,23,7,1,18,42,.268,.326,.344,.671,84,72,6,2,0,4,0
7,CF,Leody Taveras,21,33,134,119,20,27,6,1,4,6,8,0,14,43,.227,.308,.395,.703,91,47,0,0,1,0,0
8,RF,Joey Gallo,26,57,226,193,23,35,8,0,10,26,2,0,29,79,.181,.301,.378,.679,84,73,0,4,0,0,2
9,DH,Willie Calhoun,25,29,108,100,3,19,2,1,1,13,0,0,5,17,.190,.231,.260,.491,34,26,1,1,0,2,0
10,LF,Shin-Soo Choo,37,33,127,110,13,26,3,0,5,15,6,2,13,33,.236,.323,.400,.723,96,44,1,2,0,2,1
11,CI,Todd Frazier,34,31,121,108,11,26,7,1,2,7,1,1,10,26,.241,.322,.380,.702,91,41,0,3,0,0,0
12,C,Jose Trevino,27,24,83,76,10,19,8,0,2,9,0,0,3,15,.250,.280,.434,.715,91,33,1,1,1,2,0
13,SS,Anderson Tejeda,22,23,77,75,7,19,4,1,3,8,4,1,2,30,.253,.273,.453,.726,93,34,2,0,0,0,0
14,IF,Derek Dietrich,30,25,75,61,9,12,1,0,5,8,1,1,9,21,.197,.347,.459,.806,118,28,4,5,0,0,0
15,UT,Danny Santana,29,15,63,55,6,8,4,0,1,7,2,0,7,24,.145,.238,.273,.511,39,15,1,0,0,1,0
16,UT,Scott Heineman,27,24,54,52,6,8,3,0,1,7,3,0,2,11,.154,.185,.269,.454,22,14,1,0,0,0,0
17,OF,Eli White,26,19,52,48,5,9,2,0,0,3,1,1,3,16,.188,.231,.229,.460,27,11,0,0,0,1,0
18,C,Robinson Chirinos,36,14,49,42,3,5,1,0,0,2,0,0,5,12,.119,.224,.143,.367,4,6,3,1,0,1,0
19,UT,Rob Refsnyder,29,15,34,30,4,6,1,0,0,1,0,0,2,11,.200,.265,.233,.498,38,7,0,1,0,1,0
20,C,Sam Huff,22,10,33,31,5,11,3,0,3,4,0,0,2,11,.355,.394,.742,1.136,200,23,0,0,0,0,0
21,CI,Sherten Apostel,21,7,21,20,1,2,1,0,0,0,0,0,1,9,.100,.143,.150,.293,-20,3,0,0,0,0,0
22,LF,Adolis García,27,3,7,6,0,0,0,0,0,0,0,0,1,4,.000,.143,.000,.143,-56,0,0,0,0,0,0
23,IF,Yadiel Rivera,28,4,5,5,0,0,0,0,0,0,1,0,0,1,.000,.000,.000,.000,-100,0,0,0,0,0,0
24,DH,Andrew Romine,34,2,4,4,1,1,1,0,0,0,0,0,0,1,.250,.250,.500,.750,97,2,0,0,0,0,0
25,P,Kolby Allard,22,0,0,,,,,,,,,,,,,,,,,,,,,,
26,P,Ian Gibaut,26,0,0,,,,,,,,,,,,,,,,,,,,,,
27,P,Mike Minor,32,0,0,,,,,,,,,,,,,,,,,,,,,,
28,P,Joe Palumbo,25,0,0,,,,,,,,,,,,,,,,,,,,,,
29,P,Kyle Gibson,32,0,0,,,,,,,,,,,,,,,,,,,,,,
30,P,Kyle Cody,25,0,0,,,,,,,,,,,,,,,,,,,,,,
31,P,John King,25,0,0,,,,,,,,,,,,,,,,,,,,,,
32,P,Demarcus Evans,23,0,0,,,,,,,,,,,,,,,,,,,,,,
33,P,Luke Farrell,29,0,0,,,,,,,,,,,,,,,,,,,,,,
34,P,Brett Martin,25,0,0,,,,,,,,,,,,,,,,,,,,,,
35,P,Luis Garcia,33,0,0,,,,,,,,,,,,,,,,,,,,,,
36,P,Wes Benjamin,26,0,0,,,,,,,,,,,,,,,,,,,,,,
37,P,Lance Lynn,33,0,0,,,,,,,,,,,,,,,,,,,,,,
38,P,Corey Kluber,34,0,0,,,,,,,,,,,,,,,,,,,,,,
39,P,Taylor Hearn,25,0,0,,,,,,,,,,,,,,,,,,,,,,
40,P,Jimmy Herget,26,0,0,,,,,,,,,,,,,,,,,,,,,,
41,P,Jonathan Hernandez,23,0,0,,,,,,,,,,,,,,,,,,,,,,
42,P,Nick Goody,28,0,0,,,,,,,,,,,,,,,,,,,,,,
43,P,Jordan Lyles,29,0,0,,,,,,,,,,,,,,,,,,,,,,
44,P,Joely Rodriguez,28,0,0,,,,,,,,,,,,,,,,,,,,,,
45,P,Edinson Volquez,36,0,0,,,,,,,,,,,,,,,,,,,,,,
46,P,Rafael Montero,29,0,0,,,,,,,,,,,,,,,,,,,,,,
47,P,Jose Leclerc,26,0,0,,,,,,,,,,,,,,,,,,,,,,
48,P,Jesse Chavez,36,0,0,,,,,,,,,,,,,,,,,,,,,,
49,P,Juan Nicasio,33,0,0,,,,,,,,,,,,,,,,,,,,,,